{"Date": "20-Nov-2019 23:29:13:397773", "Breathing Rate": 21, "Condition": "Normal"}
{"Date": "20-Nov-2019 23:29:13:397773", "Breathing Rate": 20, "Condition": "Normal"}
{"Date": "20-Nov-2019 23:29:13:397773", "Breathing Rate": 5, "Condition": "Normal"}
{"Date": "20-Nov-2019 23:29:13:397773", "Breathing Rate": 17, "Condition": "Normal"}
{"Date": "20-Nov-2019 23:29:13:397773", "Breathing Rate": 23, "Condition": "Normal"}
{"Date": "20-Nov-2019 23:29:13:397773", "Breathing Rate": 27, "Condition": "Normal"}
{"Date": "20-Nov-2019 23:29:13:397773", "Breathing Rate": 13, "Condition": "Normal"}
{"Date": "20-Nov-2019 23:29:13:397773", "Breathing Rate": 5, "Condition": "Normal"}
{"Date": "20-Nov-2019 23:29:13:397773", "Breathing Rate": 24, "Condition": "Normal"}
{"Date": "20-Nov-2019 23:29:13:397773", "Breathing Rate": 29, "Condition": "Normal"}
{"Date": "20-Nov-2019 23:29:13:397773", "Breathing Rate": 14, "Condition": "Normal"}
{"Date": "20-Nov-2019 23:29:13:398770", "Breathing Rate": 15, "Condition": "Normal"}
{"Date": "20-Nov-2019 23:29:13:398770", "Breathing Rate": 14, "Condition": "Normal"}
{"Date": "20-Nov-2019 23:29:13:398770", "Breathing Rate": 6, "Condition": "Normal"}
{"Date": "20-Nov-2019 23:29:13:398770", "Breathing Rate": 25, "Condition": "Normal"}
{"Date": "20-Nov-2019 23:29:13:398770", "Breathing Rate": 17, "Condition": "Normal"}
{"Date": "20-Nov-2019 23:29:13:398770", "Breathing Rate": 15, "Condition": "Normal"}
{"Date": "20-Nov-2019 23:29:13:398770", "Breathing Rate": 8, "Condition": "Normal"}
{"Date": "20-Nov-2019 23:29:13:398770", "Breathing Rate": 28, "Condition": "Normal"}
{"Date": "20-Nov-2019 23:29:13:398770", "Breathing Rate": 19, "Condition": "Normal"}
{"Date": "20-Nov-2019 23:29:13:398770", "Breathing Rate": 25, "Condition": "Normal"}
{"Date": "20-Nov-2019 23:29:13:398770", "Breathing Rate": 12, "Condition": "Normal"}
{"Date": "20-Nov-2019 23:29:13:398770", "Breathing Rate": 5, "Condition": "Normal"}
{"Date": "20-Nov-2019 23:29:13:399767", "Breathing Rate": 20, "Condition": "Normal"}
{"Date": "20-Nov-2019 23:29:13:399767", "Breathing Rate": 11, "Condition": "Normal"}
{"Date": "20-Nov-2019 23:29:13:399767", "Breathing Rate": 26, "Condition": "Normal"}
{"Date": "20-Nov-2019 23:29:13:399767", "Breathing Rate": 21, "Condition": "Normal"}
{"Date": "20-Nov-2019 23:29:13:399767", "Breathing Rate": 26, "Condition": "Normal"}
{"Date": "20-Nov-2019 23:29:13:399767", "Breathing Rate": 5, "Condition": "Normal"}
{"Date": "20-Nov-2019 23:29:13:399767", "Breathing Rate": 20, "Condition": "Normal"}
{"Date": "20-Nov-2019 23:29:13:402759", "Breathing Rate": 30, "Condition": "Normal"}
{"Date": "20-Nov-2019 23:29:13:402759", "Breathing Rate": 15, "Condition": "Normal"}
{"Date": "20-Nov-2019 23:29:13:402759", "Breathing Rate": 9, "Condition": "Normal"}
{"Date": "20-Nov-2019 23:29:13:402759", "Breathing Rate": 19, "Condition": "Normal"}
{"Date": "20-Nov-2019 23:29:13:402759", "Breathing Rate": 14, "Condition": "Normal"}
{"Date": "20-Nov-2019 23:29:13:402759", "Breathing Rate": 9, "Condition": "Normal"}
{"Date": "20-Nov-2019 23:29:13:402759", "Breathing Rate": 16, "Condition": "Normal"}
{"Date": "20-Nov-2019 23:29:13:403757", "Breathing Rate": 10, "Condition": "Normal"}
{"Date": "20-Nov-2019 23:29:13:403757", "Breathing Rate": 5, "Condition": "Normal"}
{"Date": "20-Nov-2019 23:29:13:403757", "Breathing Rate": 10, "Condition": "Normal"}
{"Date": "20-Nov-2019 23:29:13:403757", "Breathing Rate": 15, "Condition": "Normal"}
{"Date": "20-Nov-2019 23:29:13:403757", "Breathing Rate": 30, "Condition": "Normal"}
{"Date": "20-Nov-2019 23:29:13:403757", "Breathing Rate": 13, "Condition": "Normal"}
{"Date": "20-Nov-2019 23:29:13:403757", "Breathing Rate": 12, "Condition": "Normal"}
{"Date": "20-Nov-2019 23:29:13:403757", "Breathing Rate": 6, "Condition": "Normal"}
{"Date": "20-Nov-2019 23:29:13:403757", "Breathing Rate": 7, "Condition": "Normal"}
{"Date": "20-Nov-2019 23:29:13:403757", "Breathing Rate": 20, "Condition": "Normal"}
{"Date": "20-Nov-2019 23:29:13:403757", "Breathing Rate": 23, "Condition": "Normal"}
{"Date": "20-Nov-2019 23:29:13:403757", "Breathing Rate": 5, "Condition": "Normal"}
{"Date": "20-Nov-2019 23:29:13:403757", "Breathing Rate": 8, "Condition": "Normal"}
{"Date": "20-Nov-2019 23:29:13:403757", "Breathing Rate": 5, "Condition": "Normal"}
{"Date": "20-Nov-2019 23:29:13:403757", "Breathing Rate": 9, "Condition": "Normal"}
{"Date": "20-Nov-2019 23:29:13:403757", "Breathing Rate": 22, "Condition": "Normal"}
{"Date": "20-Nov-2019 23:29:13:403757", "Breathing Rate": 20, "Condition": "Normal"}
{"Date": "20-Nov-2019 23:29:13:403757", "Breathing Rate": 14, "Condition": "Normal"}
{"Date": "20-Nov-2019 23:29:13:404754", "Breathing Rate": 20, "Condition": "Normal"}
{"Date": "20-Nov-2019 23:29:13:404754", "Breathing Rate": 26, "Condition": "Normal"}
{"Date": "20-Nov-2019 23:29:13:406749", "Breathing Rate": 5, "Condition": "Normal"}
{"Date": "20-Nov-2019 23:29:13:406749", "Breathing Rate": 19, "Condition": "Normal"}
{"Date": "20-Nov-2019 23:29:13:406749", "Breathing Rate": 24, "Condition": "Normal"}
{"Date": "20-Nov-2019 23:29:13:406749", "Breathing Rate": 22, "Condition": "Normal"}
{"Date": "20-Nov-2019 23:29:13:406749", "Breathing Rate": 14, "Condition": "Normal"}
{"Date": "20-Nov-2019 23:29:13:406749", "Breathing Rate": 30, "Condition": "Normal"}
{"Date": "20-Nov-2019 23:29:13:406749", "Breathing Rate": 16, "Condition": "Normal"}
{"Date": "20-Nov-2019 23:29:13:406749", "Breathing Rate": 12, "Condition": "Normal"}
{"Date": "20-Nov-2019 23:29:13:406749", "Breathing Rate": 20, "Condition": "Normal"}
{"Date": "20-Nov-2019 23:29:13:406749", "Breathing Rate": 5, "Condition": "Normal"}
{"Date": "20-Nov-2019 23:29:13:406749", "Breathing Rate": 21, "Condition": "Normal"}
{"Date": "20-Nov-2019 23:29:13:406749", "Breathing Rate": 6, "Condition": "Normal"}
{"Date": "20-Nov-2019 23:29:13:406749", "Breathing Rate": 5, "Condition": "Normal"}
{"Date": "20-Nov-2019 23:29:13:406749", "Breathing Rate": 12, "Condition": "Normal"}
{"Date": "20-Nov-2019 23:29:13:406749", "Breathing Rate": 11, "Condition": "Normal"}
{"Date": "20-Nov-2019 23:29:13:407746", "Breathing Rate": 11, "Condition": "Normal"}
{"Date": "20-Nov-2019 23:29:13:407746", "Breathing Rate": 7, "Condition": "Normal"}
{"Date": "20-Nov-2019 23:29:13:407746", "Breathing Rate": 29, "Condition": "Normal"}
{"Date": "20-Nov-2019 23:29:13:407746", "Breathing Rate": 17, "Condition": "Normal"}
{"Date": "20-Nov-2019 23:29:13:407746", "Breathing Rate": 24, "Condition": "Normal"}
{"Date": "20-Nov-2019 23:29:13:407746", "Breathing Rate": 25, "Condition": "Normal"}
{"Date": "20-Nov-2019 23:29:13:407746", "Breathing Rate": 23, "Condition": "Normal"}
{"Date": "20-Nov-2019 23:29:13:407746", "Breathing Rate": 22, "Condition": "Normal"}
{"Date": "20-Nov-2019 23:29:13:407746", "Breathing Rate": 19, "Condition": "Normal"}
{"Date": "20-Nov-2019 23:29:13:407746", "Breathing Rate": 10, "Condition": "Normal"}
{"Date": "20-Nov-2019 23:29:13:407746", "Breathing Rate": 28, "Condition": "Normal"}
{"Date": "20-Nov-2019 23:29:13:407746", "Breathing Rate": 28, "Condition": "Normal"}
{"Date": "20-Nov-2019 23:29:13:407746", "Breathing Rate": 7, "Condition": "Normal"}
{"Date": "20-Nov-2019 23:29:13:407746", "Breathing Rate": 16, "Condition": "Normal"}
{"Date": "20-Nov-2019 23:29:13:407746", "Breathing Rate": 13, "Condition": "Normal"}
{"Date": "20-Nov-2019 23:29:13:407746", "Breathing Rate": 26, "Condition": "Normal"}
{"Date": "20-Nov-2019 23:29:13:407746", "Breathing Rate": 13, "Condition": "Normal"}
{"Date": "20-Nov-2019 23:29:13:407746", "Breathing Rate": 12, "Condition": "Normal"}
{"Date": "20-Nov-2019 23:29:13:411735", "Breathing Rate": 24, "Condition": "Normal"}
{"Date": "20-Nov-2019 23:29:13:411735", "Breathing Rate": 6, "Condition": "Normal"}
{"Date": "20-Nov-2019 23:29:13:411735", "Breathing Rate": 5, "Condition": "Normal"}
{"Date": "20-Nov-2019 23:29:13:412732", "Breathing Rate": 30, "Condition": "Normal"}
{"Date": "20-Nov-2019 23:29:13:412732", "Breathing Rate": 21, "Condition": "Normal"}
{"Date": "20-Nov-2019 23:29:13:412732", "Breathing Rate": 23, "Condition": "Normal"}
{"Date": "20-Nov-2019 23:29:13:413729", "Breathing Rate": 30, "Condition": "Normal"}
{"Date": "20-Nov-2019 23:29:13:413729", "Breathing Rate": 11, "Condition": "Normal"}
{"Date": "20-Nov-2019 23:29:13:414726", "Breathing Rate": 24, "Condition": "Normal"}
