{"Date": "20-Nov-2019 23:29:13:443705", "Blood Alcohol": 0.23, "Condition": "Normal"}
{"Date": "20-Nov-2019 23:29:13:444673", "Blood Alcohol": 0.67, "Condition": "Normal"}
{"Date": "20-Nov-2019 23:29:13:444673", "Blood Alcohol": 0.25, "Condition": "Normal"}
{"Date": "20-Nov-2019 23:29:13:444673", "Blood Alcohol": 0.87, "Condition": "Normal"}
{"Date": "20-Nov-2019 23:29:13:444673", "Blood Alcohol": 0.26, "Condition": "Normal"}
{"Date": "20-Nov-2019 23:29:13:444673", "Blood Alcohol": 0.27, "Condition": "Normal"}
{"Date": "20-Nov-2019 23:29:13:444673", "Blood Alcohol": 0.91, "Condition": "Normal"}
{"Date": "20-Nov-2019 23:29:13:444673", "Blood Alcohol": 0.25, "Condition": "Normal"}
{"Date": "20-Nov-2019 23:29:13:444673", "Blood Alcohol": 0.71, "Condition": "Normal"}
{"Date": "20-Nov-2019 23:29:13:444673", "Blood Alcohol": 0.36, "Condition": "Normal"}
{"Date": "20-Nov-2019 23:29:13:444673", "Blood Alcohol": 0.42, "Condition": "Normal"}
{"Date": "20-Nov-2019 23:29:13:445676", "Blood Alcohol": 0.15, "Condition": "Normal"}
{"Date": "20-Nov-2019 23:29:13:445676", "Blood Alcohol": 0.06, "Condition": "Normal"}
{"Date": "20-Nov-2019 23:29:13:445676", "Blood Alcohol": 0.23, "Condition": "Normal"}
{"Date": "20-Nov-2019 23:29:13:445676", "Blood Alcohol": 0.42, "Condition": "Normal"}
{"Date": "20-Nov-2019 23:29:13:445676", "Blood Alcohol": 0.41, "Condition": "Normal"}
{"Date": "20-Nov-2019 23:29:13:445676", "Blood Alcohol": 0.01, "Condition": "Normal"}
{"Date": "20-Nov-2019 23:29:13:445676", "Blood Alcohol": 0.48, "Condition": "Normal"}
{"Date": "20-Nov-2019 23:29:13:445676", "Blood Alcohol": 0.5, "Condition": "Normal"}
{"Date": "20-Nov-2019 23:29:13:445676", "Blood Alcohol": 0.24, "Condition": "Normal"}
{"Date": "20-Nov-2019 23:29:13:445676", "Blood Alcohol": 0.41, "Condition": "Normal"}
{"Date": "20-Nov-2019 23:29:13:445676", "Blood Alcohol": 0.13, "Condition": "Normal"}
{"Date": "20-Nov-2019 23:29:13:446672", "Blood Alcohol": 0.85, "Condition": "Normal"}
{"Date": "20-Nov-2019 23:29:13:446672", "Blood Alcohol": 0.61, "Condition": "Normal"}
{"Date": "20-Nov-2019 23:29:13:446672", "Blood Alcohol": 0.32, "Condition": "Normal"}
{"Date": "20-Nov-2019 23:29:13:446672", "Blood Alcohol": 0.94, "Condition": "Normal"}
{"Date": "20-Nov-2019 23:29:13:446672", "Blood Alcohol": 0.56, "Condition": "Normal"}
{"Date": "20-Nov-2019 23:29:13:446672", "Blood Alcohol": 0.57, "Condition": "Normal"}
{"Date": "20-Nov-2019 23:29:13:446672", "Blood Alcohol": 0.27, "Condition": "Normal"}
{"Date": "20-Nov-2019 23:29:13:446672", "Blood Alcohol": 0.95, "Condition": "Normal"}
{"Date": "20-Nov-2019 23:29:13:446672", "Blood Alcohol": 0.29, "Condition": "Normal"}
{"Date": "20-Nov-2019 23:29:13:446672", "Blood Alcohol": 0.93, "Condition": "Normal"}
{"Date": "20-Nov-2019 23:29:13:447671", "Blood Alcohol": 0.99, "Condition": "Normal"}
{"Date": "20-Nov-2019 23:29:13:447671", "Blood Alcohol": 0.47, "Condition": "Normal"}
{"Date": "20-Nov-2019 23:29:13:447671", "Blood Alcohol": 0.14, "Condition": "Normal"}
{"Date": "20-Nov-2019 23:29:13:447671", "Blood Alcohol": 0.81, "Condition": "Normal"}
{"Date": "20-Nov-2019 23:29:13:447671", "Blood Alcohol": 0.05, "Condition": "Normal"}
{"Date": "20-Nov-2019 23:29:13:447671", "Blood Alcohol": 0.04, "Condition": "Normal"}
{"Date": "20-Nov-2019 23:29:13:451660", "Blood Alcohol": 0.75, "Condition": "Normal"}
{"Date": "20-Nov-2019 23:29:13:451660", "Blood Alcohol": 0.89, "Condition": "Normal"}
{"Date": "20-Nov-2019 23:29:13:451660", "Blood Alcohol": 0.79, "Condition": "Normal"}
{"Date": "20-Nov-2019 23:29:13:451660", "Blood Alcohol": 0.81, "Condition": "Normal"}
{"Date": "20-Nov-2019 23:29:13:451660", "Blood Alcohol": 0.52, "Condition": "Normal"}
{"Date": "20-Nov-2019 23:29:13:451660", "Blood Alcohol": 0.64, "Condition": "Normal"}
{"Date": "20-Nov-2019 23:29:13:451660", "Blood Alcohol": 0.01, "Condition": "Normal"}
{"Date": "20-Nov-2019 23:29:13:451660", "Blood Alcohol": 0.85, "Condition": "Normal"}
{"Date": "20-Nov-2019 23:29:13:451660", "Blood Alcohol": 0.08, "Condition": "Normal"}
{"Date": "20-Nov-2019 23:29:13:452657", "Blood Alcohol": 0.5, "Condition": "Normal"}
{"Date": "20-Nov-2019 23:29:13:452657", "Blood Alcohol": 0.75, "Condition": "Normal"}
{"Date": "20-Nov-2019 23:29:13:452657", "Blood Alcohol": 0.05, "Condition": "Normal"}
{"Date": "20-Nov-2019 23:29:13:452657", "Blood Alcohol": 0.68, "Condition": "Normal"}
{"Date": "20-Nov-2019 23:29:13:452657", "Blood Alcohol": 0.87, "Condition": "Normal"}
{"Date": "20-Nov-2019 23:29:13:452657", "Blood Alcohol": 0.89, "Condition": "Normal"}
{"Date": "20-Nov-2019 23:29:13:453655", "Blood Alcohol": 0.99, "Condition": "Normal"}
{"Date": "20-Nov-2019 23:29:13:453655", "Blood Alcohol": 0.52, "Condition": "Normal"}
{"Date": "20-Nov-2019 23:29:13:453655", "Blood Alcohol": 0.67, "Condition": "Normal"}
{"Date": "20-Nov-2019 23:29:13:453655", "Blood Alcohol": 0.43, "Condition": "Normal"}
{"Date": "20-Nov-2019 23:29:13:454652", "Blood Alcohol": 0.26, "Condition": "Normal"}
{"Date": "20-Nov-2019 23:29:13:454652", "Blood Alcohol": 0.67, "Condition": "Normal"}
{"Date": "20-Nov-2019 23:29:13:454652", "Blood Alcohol": 0.3, "Condition": "Normal"}
{"Date": "20-Nov-2019 23:29:13:454652", "Blood Alcohol": 0.14, "Condition": "Normal"}
{"Date": "20-Nov-2019 23:29:13:455649", "Blood Alcohol": 0.56, "Condition": "Normal"}
{"Date": "20-Nov-2019 23:29:13:455649", "Blood Alcohol": 0.36, "Condition": "Normal"}
{"Date": "20-Nov-2019 23:29:13:455649", "Blood Alcohol": 0.57, "Condition": "Normal"}
{"Date": "20-Nov-2019 23:29:13:455649", "Blood Alcohol": 0.92, "Condition": "Normal"}
{"Date": "20-Nov-2019 23:29:13:455649", "Blood Alcohol": 0.47, "Condition": "Normal"}
{"Date": "20-Nov-2019 23:29:13:455649", "Blood Alcohol": 0.85, "Condition": "Normal"}
{"Date": "20-Nov-2019 23:29:13:455649", "Blood Alcohol": 0.68, "Condition": "Normal"}
{"Date": "20-Nov-2019 23:29:13:455649", "Blood Alcohol": 0.17, "Condition": "Normal"}
{"Date": "20-Nov-2019 23:29:13:455649", "Blood Alcohol": 0.67, "Condition": "Normal"}
{"Date": "20-Nov-2019 23:29:13:455649", "Blood Alcohol": 0.65, "Condition": "Normal"}
{"Date": "20-Nov-2019 23:29:13:455649", "Blood Alcohol": 0.37, "Condition": "Normal"}
{"Date": "20-Nov-2019 23:29:13:455649", "Blood Alcohol": 0.46, "Condition": "Normal"}
{"Date": "20-Nov-2019 23:29:13:457674", "Blood Alcohol": 0.19, "Condition": "Normal"}
{"Date": "20-Nov-2019 23:29:13:457674", "Blood Alcohol": 0.31, "Condition": "Normal"}
{"Date": "20-Nov-2019 23:29:13:457674", "Blood Alcohol": 0.18, "Condition": "Normal"}
{"Date": "20-Nov-2019 23:29:13:457674", "Blood Alcohol": 0.09, "Condition": "Normal"}
{"Date": "20-Nov-2019 23:29:13:457674", "Blood Alcohol": 0.91, "Condition": "Normal"}
{"Date": "20-Nov-2019 23:29:13:457674", "Blood Alcohol": 0.75, "Condition": "Normal"}
{"Date": "20-Nov-2019 23:29:13:457674", "Blood Alcohol": 0.37, "Condition": "Normal"}
{"Date": "20-Nov-2019 23:29:13:457674", "Blood Alcohol": 0.39, "Condition": "Normal"}
{"Date": "20-Nov-2019 23:29:13:457674", "Blood Alcohol": 0.49, "Condition": "Normal"}
{"Date": "20-Nov-2019 23:29:13:457674", "Blood Alcohol": 0.88, "Condition": "Normal"}
{"Date": "20-Nov-2019 23:29:13:457674", "Blood Alcohol": 0.82, "Condition": "Normal"}
{"Date": "20-Nov-2019 23:29:13:457674", "Blood Alcohol": 0.84, "Condition": "Normal"}
{"Date": "20-Nov-2019 23:29:13:457674", "Blood Alcohol": 0.66, "Condition": "Normal"}
{"Date": "20-Nov-2019 23:29:13:457674", "Blood Alcohol": 0.66, "Condition": "Normal"}
{"Date": "20-Nov-2019 23:29:13:457674", "Blood Alcohol": 0.43, "Condition": "Normal"}
{"Date": "20-Nov-2019 23:29:13:457674", "Blood Alcohol": 0.3, "Condition": "Normal"}
{"Date": "20-Nov-2019 23:29:13:457674", "Blood Alcohol": 0.13, "Condition": "Normal"}
{"Date": "20-Nov-2019 23:29:13:458675", "Blood Alcohol": 0.1, "Condition": "Normal"}
{"Date": "20-Nov-2019 23:29:13:458675", "Blood Alcohol": 0.04, "Condition": "Normal"}
{"Date": "20-Nov-2019 23:29:13:458675", "Blood Alcohol": 0.47, "Condition": "Normal"}
{"Date": "20-Nov-2019 23:29:13:458675", "Blood Alcohol": 0.46, "Condition": "Normal"}
{"Date": "20-Nov-2019 23:29:13:458675", "Blood Alcohol": 0.95, "Condition": "Normal"}
{"Date": "20-Nov-2019 23:29:13:460666", "Blood Alcohol": 0.69, "Condition": "Normal"}
{"Date": "20-Nov-2019 23:29:13:460666", "Blood Alcohol": 0.68, "Condition": "Normal"}
{"Date": "20-Nov-2019 23:29:13:460666", "Blood Alcohol": 0.26, "Condition": "Normal"}
{"Date": "20-Nov-2019 23:29:13:460666", "Blood Alcohol": 0.25, "Condition": "Normal"}
