{"Date": "20-Nov-2019 23:29:13:419713", "Blood Pressure": 8, "Condition": "Normal"}
{"Date": "20-Nov-2019 23:29:13:420719", "Blood Pressure": 28, "Condition": "Normal"}
{"Date": "20-Nov-2019 23:29:13:420719", "Blood Pressure": 29, "Condition": "Normal"}
{"Date": "20-Nov-2019 23:29:13:420719", "Blood Pressure": 28, "Condition": "Normal"}
{"Date": "20-Nov-2019 23:29:13:420719", "Blood Pressure": 26, "Condition": "Normal"}
{"Date": "20-Nov-2019 23:29:13:420719", "Blood Pressure": 8, "Condition": "Normal"}
{"Date": "20-Nov-2019 23:29:13:420719", "Blood Pressure": 26, "Condition": "Normal"}
{"Date": "20-Nov-2019 23:29:13:420719", "Blood Pressure": 5, "Condition": "Normal"}
{"Date": "20-Nov-2019 23:29:13:420719", "Blood Pressure": 18, "Condition": "Normal"}
{"Date": "20-Nov-2019 23:29:13:421709", "Blood Pressure": 17, "Condition": "Normal"}
{"Date": "20-Nov-2019 23:29:13:421709", "Blood Pressure": 24, "Condition": "Normal"}
{"Date": "20-Nov-2019 23:29:13:421709", "Blood Pressure": 29, "Condition": "Normal"}
{"Date": "20-Nov-2019 23:29:13:421709", "Blood Pressure": 20, "Condition": "Normal"}
{"Date": "20-Nov-2019 23:29:13:421709", "Blood Pressure": 15, "Condition": "Normal"}
{"Date": "20-Nov-2019 23:29:13:421709", "Blood Pressure": 28, "Condition": "Normal"}
{"Date": "20-Nov-2019 23:29:13:421709", "Blood Pressure": 13, "Condition": "Normal"}
{"Date": "20-Nov-2019 23:29:13:421709", "Blood Pressure": 13, "Condition": "Normal"}
{"Date": "20-Nov-2019 23:29:13:421709", "Blood Pressure": 29, "Condition": "Normal"}
{"Date": "20-Nov-2019 23:29:13:421709", "Blood Pressure": 19, "Condition": "Normal"}
{"Date": "20-Nov-2019 23:29:13:421709", "Blood Pressure": 27, "Condition": "Normal"}
{"Date": "20-Nov-2019 23:29:13:421709", "Blood Pressure": 26, "Condition": "Normal"}
{"Date": "20-Nov-2019 23:29:13:422705", "Blood Pressure": 22, "Condition": "Normal"}
{"Date": "20-Nov-2019 23:29:13:422705", "Blood Pressure": 22, "Condition": "Normal"}
{"Date": "20-Nov-2019 23:29:13:422705", "Blood Pressure": 30, "Condition": "Normal"}
{"Date": "20-Nov-2019 23:29:13:422705", "Blood Pressure": 11, "Condition": "Normal"}
{"Date": "20-Nov-2019 23:29:13:422705", "Blood Pressure": 10, "Condition": "Normal"}
{"Date": "20-Nov-2019 23:29:13:422705", "Blood Pressure": 26, "Condition": "Normal"}
{"Date": "20-Nov-2019 23:29:13:422705", "Blood Pressure": 18, "Condition": "Normal"}
{"Date": "20-Nov-2019 23:29:13:422705", "Blood Pressure": 21, "Condition": "Normal"}
{"Date": "20-Nov-2019 23:29:13:422705", "Blood Pressure": 18, "Condition": "Normal"}
{"Date": "20-Nov-2019 23:29:13:422705", "Blood Pressure": 20, "Condition": "Normal"}
{"Date": "20-Nov-2019 23:29:13:422705", "Blood Pressure": 5, "Condition": "Normal"}
{"Date": "20-Nov-2019 23:29:13:422705", "Blood Pressure": 10, "Condition": "Normal"}
{"Date": "20-Nov-2019 23:29:13:422705", "Blood Pressure": 17, "Condition": "Normal"}
{"Date": "20-Nov-2019 23:29:13:422705", "Blood Pressure": 13, "Condition": "Normal"}
{"Date": "20-Nov-2019 23:29:13:422705", "Blood Pressure": 29, "Condition": "Normal"}
{"Date": "20-Nov-2019 23:29:13:422705", "Blood Pressure": 12, "Condition": "Normal"}
{"Date": "20-Nov-2019 23:29:13:422705", "Blood Pressure": 13, "Condition": "Normal"}
{"Date": "20-Nov-2019 23:29:13:422705", "Blood Pressure": 20, "Condition": "Normal"}
{"Date": "20-Nov-2019 23:29:13:422705", "Blood Pressure": 6, "Condition": "Normal"}
{"Date": "20-Nov-2019 23:29:13:422705", "Blood Pressure": 15, "Condition": "Normal"}
{"Date": "20-Nov-2019 23:29:13:422705", "Blood Pressure": 17, "Condition": "Normal"}
{"Date": "20-Nov-2019 23:29:13:422705", "Blood Pressure": 16, "Condition": "Normal"}
{"Date": "20-Nov-2019 23:29:13:422705", "Blood Pressure": 13, "Condition": "Normal"}
{"Date": "20-Nov-2019 23:29:13:422705", "Blood Pressure": 27, "Condition": "Normal"}
{"Date": "20-Nov-2019 23:29:13:426695", "Blood Pressure": 11, "Condition": "Normal"}
{"Date": "20-Nov-2019 23:29:13:426695", "Blood Pressure": 10, "Condition": "Normal"}
{"Date": "20-Nov-2019 23:29:13:426695", "Blood Pressure": 7, "Condition": "Normal"}
{"Date": "20-Nov-2019 23:29:13:426695", "Blood Pressure": 9, "Condition": "Normal"}
{"Date": "20-Nov-2019 23:29:13:426695", "Blood Pressure": 18, "Condition": "Normal"}
{"Date": "20-Nov-2019 23:29:13:426695", "Blood Pressure": 29, "Condition": "Normal"}
{"Date": "20-Nov-2019 23:29:13:427692", "Blood Pressure": 21, "Condition": "Normal"}
{"Date": "20-Nov-2019 23:29:13:427692", "Blood Pressure": 18, "Condition": "Normal"}
{"Date": "20-Nov-2019 23:29:13:427692", "Blood Pressure": 19, "Condition": "Normal"}
{"Date": "20-Nov-2019 23:29:13:427692", "Blood Pressure": 23, "Condition": "Normal"}
{"Date": "20-Nov-2019 23:29:13:427692", "Blood Pressure": 12, "Condition": "Normal"}
{"Date": "20-Nov-2019 23:29:13:427692", "Blood Pressure": 14, "Condition": "Normal"}
{"Date": "20-Nov-2019 23:29:13:427692", "Blood Pressure": 7, "Condition": "Normal"}
{"Date": "20-Nov-2019 23:29:13:427692", "Blood Pressure": 10, "Condition": "Normal"}
{"Date": "20-Nov-2019 23:29:13:427692", "Blood Pressure": 30, "Condition": "Normal"}
{"Date": "20-Nov-2019 23:29:13:427692", "Blood Pressure": 19, "Condition": "Normal"}
{"Date": "20-Nov-2019 23:29:13:427692", "Blood Pressure": 27, "Condition": "Normal"}
{"Date": "20-Nov-2019 23:29:13:427692", "Blood Pressure": 6, "Condition": "Normal"}
{"Date": "20-Nov-2019 23:29:13:428690", "Blood Pressure": 21, "Condition": "Normal"}
{"Date": "20-Nov-2019 23:29:13:428690", "Blood Pressure": 28, "Condition": "Normal"}
{"Date": "20-Nov-2019 23:29:13:428690", "Blood Pressure": 10, "Condition": "Normal"}
{"Date": "20-Nov-2019 23:29:13:430684", "Blood Pressure": 27, "Condition": "Normal"}
{"Date": "20-Nov-2019 23:29:13:430684", "Blood Pressure": 28, "Condition": "Normal"}
{"Date": "20-Nov-2019 23:29:13:430684", "Blood Pressure": 20, "Condition": "Normal"}
{"Date": "20-Nov-2019 23:29:13:430684", "Blood Pressure": 13, "Condition": "Normal"}
{"Date": "20-Nov-2019 23:29:13:430684", "Blood Pressure": 13, "Condition": "Normal"}
{"Date": "20-Nov-2019 23:29:13:430684", "Blood Pressure": 23, "Condition": "Normal"}
{"Date": "20-Nov-2019 23:29:13:430684", "Blood Pressure": 9, "Condition": "Normal"}
{"Date": "20-Nov-2019 23:29:13:430684", "Blood Pressure": 28, "Condition": "Normal"}
{"Date": "20-Nov-2019 23:29:13:430684", "Blood Pressure": 26, "Condition": "Normal"}
{"Date": "20-Nov-2019 23:29:13:430684", "Blood Pressure": 7, "Condition": "Normal"}
{"Date": "20-Nov-2019 23:29:13:430684", "Blood Pressure": 28, "Condition": "Normal"}
{"Date": "20-Nov-2019 23:29:13:430684", "Blood Pressure": 7, "Condition": "Normal"}
{"Date": "20-Nov-2019 23:29:13:432680", "Blood Pressure": 25, "Condition": "Normal"}
{"Date": "20-Nov-2019 23:29:13:432680", "Blood Pressure": 7, "Condition": "Normal"}
{"Date": "20-Nov-2019 23:29:13:432680", "Blood Pressure": 25, "Condition": "Normal"}
{"Date": "20-Nov-2019 23:29:13:432680", "Blood Pressure": 25, "Condition": "Normal"}
{"Date": "20-Nov-2019 23:29:13:432680", "Blood Pressure": 27, "Condition": "Normal"}
{"Date": "20-Nov-2019 23:29:13:432680", "Blood Pressure": 17, "Condition": "Normal"}
{"Date": "20-Nov-2019 23:29:13:432680", "Blood Pressure": 17, "Condition": "Normal"}
{"Date": "20-Nov-2019 23:29:13:432680", "Blood Pressure": 20, "Condition": "Normal"}
{"Date": "20-Nov-2019 23:29:13:432680", "Blood Pressure": 24, "Condition": "Normal"}
{"Date": "20-Nov-2019 23:29:13:432680", "Blood Pressure": 11, "Condition": "Normal"}
{"Date": "20-Nov-2019 23:29:13:432680", "Blood Pressure": 16, "Condition": "Normal"}
{"Date": "20-Nov-2019 23:29:13:432680", "Blood Pressure": 11, "Condition": "Normal"}
{"Date": "20-Nov-2019 23:29:13:432680", "Blood Pressure": 11, "Condition": "Normal"}
{"Date": "20-Nov-2019 23:29:13:432680", "Blood Pressure": 29, "Condition": "Normal"}
{"Date": "20-Nov-2019 23:29:13:432680", "Blood Pressure": 28, "Condition": "Normal"}
{"Date": "20-Nov-2019 23:29:13:433676", "Blood Pressure": 26, "Condition": "Normal"}
{"Date": "20-Nov-2019 23:29:13:433676", "Blood Pressure": 21, "Condition": "Normal"}
{"Date": "20-Nov-2019 23:29:13:433676", "Blood Pressure": 19, "Condition": "Normal"}
{"Date": "20-Nov-2019 23:29:13:435671", "Blood Pressure": 22, "Condition": "Normal"}
{"Date": "20-Nov-2019 23:29:13:435671", "Blood Pressure": 19, "Condition": "Normal"}
{"Date": "20-Nov-2019 23:29:13:435671", "Blood Pressure": 21, "Condition": "Normal"}
