{"atrial_heart_rate_basal": 68, "ventric_heart_rate_basal": 37, "qrs_duration_basal": 140, "hemoglobin_basal": 11.15, "platelets_basal": 218416, "leukocytes_basal": 6710, "sodium_basal": 138, "urea_basal": 52, "total_procedure_time": 117, "Condition": "Abnormal"}
{"atrial_heart_rate_basal": 65, "ventric_heart_rate_basal": 35, "qrs_duration_basal": 144, "hemoglobin_basal": 12.56, "platelets_basal": 205580, "leukocytes_basal": 9482, "sodium_basal": 147, "urea_basal": 68, "total_procedure_time": 102, "Condition": "Abnormal"}
{"atrial_heart_rate_basal": 66, "ventric_heart_rate_basal": 35, "qrs_duration_basal": 101, "hemoglobin_basal": 16.55, "platelets_basal": 204298, "leukocytes_basal": 7069, "sodium_basal": 142, "urea_basal": 42, "total_procedure_time": 123, "Condition": "Abnormal"}
{"atrial_heart_rate_basal": 87, "ventric_heart_rate_basal": 41, "qrs_duration_basal": 112, "hemoglobin_basal": 12.38, "platelets_basal": 239070, "leukocytes_basal": 9700, "sodium_basal": 139, "urea_basal": 68, "total_procedure_time": 135, "Condition": "Normal"}
{"atrial_heart_rate_basal": 73, "ventric_heart_rate_basal": 33, "qrs_duration_basal": 101, "hemoglobin_basal": 12.23, "platelets_basal": 231899, "leukocytes_basal": 8022, "sodium_basal": 138, "urea_basal": 51, "total_procedure_time": 127, "Condition": "Abnormal"}
{"atrial_heart_rate_basal": 74, "ventric_heart_rate_basal": 44, "qrs_duration_basal": 143, "hemoglobin_basal": 13.18, "platelets_basal": 166246, "leukocytes_basal": 9392, "sodium_basal": 146, "urea_basal": 74, "total_procedure_time": 88, "Condition": "Abnormal"}
{"atrial_heart_rate_basal": 83, "ventric_heart_rate_basal": 48, "qrs_duration_basal": 100, "hemoglobin_basal": 16.96, "platelets_basal": 168580, "leukocytes_basal": 8971, "sodium_basal": 136, "urea_basal": 69, "total_procedure_time": 112, "Condition": "Abnormal"}
{"atrial_heart_rate_basal": 60, "ventric_heart_rate_basal": 34, "qrs_duration_basal": 104, "hemoglobin_basal": 13.69, "platelets_basal": 176632, "leukocytes_basal": 9987, "sodium_basal": 135, "urea_basal": 79, "total_procedure_time": 60, "Condition": "Abnormal"}
{"atrial_heart_rate_basal": 76, "ventric_heart_rate_basal": 34, "qrs_duration_basal": 121, "hemoglobin_basal": 14.3, "platelets_basal": 229644, "leukocytes_basal": 9174, "sodium_basal": 133, "urea_basal": 80, "total_procedure_time": 89, "Condition": "Normal"}
{"atrial_heart_rate_basal": 81, "ventric_heart_rate_basal": 30, "qrs_duration_basal": 108, "hemoglobin_basal": 16.67, "platelets_basal": 239031, "leukocytes_basal": 8745, "sodium_basal": 143, "urea_basal": 60, "total_procedure_time": 104, "Condition": "Normal"}
{"atrial_heart_rate_basal": 72, "ventric_heart_rate_basal": 39, "qrs_duration_basal": 109, "hemoglobin_basal": 11.18, "platelets_basal": 201428, "leukocytes_basal": 7085, "sodium_basal": 137, "urea_basal": 67, "total_procedure_time": 139, "Condition": "Abnormal"}
{"atrial_heart_rate_basal": 86, "ventric_heart_rate_basal": 36, "qrs_duration_basal": 120, "hemoglobin_basal": 13.53, "platelets_basal": 199581, "leukocytes_basal": 8718, "sodium_basal": 145, "urea_basal": 64, "total_procedure_time": 107, "Condition": "Abnormal"}
{"atrial_heart_rate_basal": 80, "ventric_heart_rate_basal": 50, "qrs_duration_basal": 145, "hemoglobin_basal": 16.69, "platelets_basal": 202525, "leukocytes_basal": 7126, "sodium_basal": 131, "urea_basal": 74, "total_procedure_time": 126, "Condition": "Normal"}
{"atrial_heart_rate_basal": 64, "ventric_heart_rate_basal": 43, "qrs_duration_basal": 101, "hemoglobin_basal": 13.59, "platelets_basal": 194473, "leukocytes_basal": 9963, "sodium_basal": 133, "urea_basal": 52, "total_procedure_time": 140, "Condition": "Abnormal"}
{"atrial_heart_rate_basal": 80, "ventric_heart_rate_basal": 46, "qrs_duration_basal": 105, "hemoglobin_basal": 14.06, "platelets_basal": 234968, "leukocytes_basal": 8034, "sodium_basal": 133, "urea_basal": 56, "total_procedure_time": 102, "Condition": "Normal"}
{"atrial_heart_rate_basal": 76, "ventric_heart_rate_basal": 37, "qrs_duration_basal": 98, "hemoglobin_basal": 13.39, "platelets_basal": 237972, "leukocytes_basal": 8817, "sodium_basal": 132, "urea_basal": 71, "total_procedure_time": 65, "Condition": "Normal"}
{"atrial_heart_rate_basal": 72, "ventric_heart_rate_basal": 41, "qrs_duration_basal": 143, "hemoglobin_basal": 11.77, "platelets_basal": 221779, "leukocytes_basal": 8056, "sodium_basal": 142, "urea_basal": 45, "total_procedure_time": 83, "Condition": "Abnormal"}
{"atrial_heart_rate_basal": 89, "ventric_heart_rate_basal": 32, "qrs_duration_basal": 128, "hemoglobin_basal": 11.77, "platelets_basal": 233071, "leukocytes_basal": 9910, "sodium_basal": 149, "urea_basal": 63, "total_procedure_time": 135, "Condition": "Normal"}
{"atrial_heart_rate_basal": 69, "ventric_heart_rate_basal": 45, "qrs_duration_basal": 131, "hemoglobin_basal": 11.09, "platelets_basal": 226752, "leukocytes_basal": 7381, "sodium_basal": 138, "urea_basal": 66, "total_procedure_time": 133, "Condition": "Abnormal"}
{"atrial_heart_rate_basal": 69, "ventric_heart_rate_basal": 40, "qrs_duration_basal": 121, "hemoglobin_basal": 15.8, "platelets_basal": 223050, "leukocytes_basal": 8323, "sodium_basal": 136, "urea_basal": 40, "total_procedure_time": 100, "Condition": "Abnormal"}
{"atrial_heart_rate_basal": 76, "ventric_heart_rate_basal": 48, "qrs_duration_basal": 115, "hemoglobin_basal": 12.95, "platelets_basal": 193221, "leukocytes_basal": 8868, "sodium_basal": 145, "urea_basal": 67, "total_procedure_time": 122, "Condition": "Abnormal"}
{"atrial_heart_rate_basal": 66, "ventric_heart_rate_basal": 30, "qrs_duration_basal": 102, "hemoglobin_basal": 14.43, "platelets_basal": 228528, "leukocytes_basal": 7604, "sodium_basal": 140, "urea_basal": 73, "total_procedure_time": 113, "Condition": "Abnormal"}
{"atrial_heart_rate_basal": 68, "ventric_heart_rate_basal": 43, "qrs_duration_basal": 97, "hemoglobin_basal": 14.62, "platelets_basal": 191906, "leukocytes_basal": 9231, "sodium_basal": 146, "urea_basal": 49, "total_procedure_time": 63, "Condition": "Abnormal"}
{"atrial_heart_rate_basal": 82, "ventric_heart_rate_basal": 37, "qrs_duration_basal": 114, "hemoglobin_basal": 15.95, "platelets_basal": 238562, "leukocytes_basal": 6552, "sodium_basal": 134, "urea_basal": 76, "total_procedure_time": 67, "Condition": "Normal"}
{"atrial_heart_rate_basal": 65, "ventric_heart_rate_basal": 32, "qrs_duration_basal": 135, "hemoglobin_basal": 14.33, "platelets_basal": 205617, "leukocytes_basal": 8727, "sodium_basal": 147, "urea_basal": 56, "total_procedure_time": 123, "Condition": "Abnormal"}
{"atrial_heart_rate_basal": 61, "ventric_heart_rate_basal": 47, "qrs_duration_basal": 98, "hemoglobin_basal": 10.03, "platelets_basal": 210518, "leukocytes_basal": 7902, "sodium_basal": 148, "urea_basal": 56, "total_procedure_time": 77, "Condition": "Abnormal"}
{"atrial_heart_rate_basal": 60, "ventric_heart_rate_basal": 34, "qrs_duration_basal": 137, "hemoglobin_basal": 11.12, "platelets_basal": 193860, "leukocytes_basal": 8339, "sodium_basal": 138, "urea_basal": 68, "total_procedure_time": 139, "Condition": "Abnormal"}
{"atrial_heart_rate_basal": 76, "ventric_heart_rate_basal": 34, "qrs_duration_basal": 149, "hemoglobin_basal": 14.85, "platelets_basal": 193110, "leukocytes_basal": 6650, "sodium_basal": 136, "urea_basal": 49, "total_procedure_time": 80, "Condition": "Abnormal"}
{"atrial_heart_rate_basal": 61, "ventric_heart_rate_basal": 49, "qrs_duration_basal": 123, "hemoglobin_basal": 13.99, "platelets_basal": 233007, "leukocytes_basal": 7898, "sodium_basal": 133, "urea_basal": 59, "total_procedure_time": 101, "Condition": "Abnormal"}
{"atrial_heart_rate_basal": 62, "ventric_heart_rate_basal": 44, "qrs_duration_basal": 123, "hemoglobin_basal": 11.36, "platelets_basal": 217637, "leukocytes_basal": 9797, "sodium_basal": 143, "urea_basal": 49, "total_procedure_time": 90, "Condition": "Abnormal"}
{"atrial_heart_rate_basal": 76, "ventric_heart_rate_basal": 46, "qrs_duration_basal": 113, "hemoglobin_basal": 10.45, "platelets_basal": 190334, "leukocytes_basal": 9439, "sodium_basal": 144, "urea_basal": 69, "total_procedure_time": 113, "Condition": "Abnormal"}
{"atrial_heart_rate_basal": 80, "ventric_heart_rate_basal": 37, "qrs_duration_basal": 112, "hemoglobin_basal": 14.05, "platelets_basal": 182731, "leukocytes_basal": 8863, "sodium_basal": 132, "urea_basal": 52, "total_procedure_time": 85, "Condition": "Abnormal"}
{"atrial_heart_rate_basal": 61, "ventric_heart_rate_basal": 45, "qrs_duration_basal": 124, "hemoglobin_basal": 12.66, "platelets_basal": 229856, "leukocytes_basal": 6672, "sodium_basal": 143, "urea_basal": 42, "total_procedure_time": 133, "Condition": "Abnormal"}
{"atrial_heart_rate_basal": 60, "ventric_heart_rate_basal": 41, "qrs_duration_basal": 124, "hemoglobin_basal": 14.1, "platelets_basal": 185078, "leukocytes_basal": 8079, "sodium_basal": 149, "urea_basal": 49, "total_procedure_time": 95, "Condition": "Abnormal"}
{"atrial_heart_rate_basal": 80, "ventric_heart_rate_basal": 44, "qrs_duration_basal": 124, "hemoglobin_basal": 12.25, "platelets_basal": 226402, "leukocytes_basal": 6901, "sodium_basal": 140, "urea_basal": 44, "total_procedure_time": 67, "Condition": "Normal"}
{"atrial_heart_rate_basal": 67, "ventric_heart_rate_basal": 34, "qrs_duration_basal": 91, "hemoglobin_basal": 10.52, "platelets_basal": 170410, "leukocytes_basal": 6840, "sodium_basal": 133, "urea_basal": 56, "total_procedure_time": 129, "Condition": "Abnormal"}
{"atrial_heart_rate_basal": 61, "ventric_heart_rate_basal": 36, "qrs_duration_basal": 148, "hemoglobin_basal": 11.61, "platelets_basal": 233797, "leukocytes_basal": 10000, "sodium_basal": 136, "urea_basal": 43, "total_procedure_time": 113, "Condition": "Abnormal"}
{"atrial_heart_rate_basal": 80, "ventric_heart_rate_basal": 41, "qrs_duration_basal": 93, "hemoglobin_basal": 14.23, "platelets_basal": 216782, "leukocytes_basal": 6893, "sodium_basal": 135, "urea_basal": 51, "total_procedure_time": 82, "Condition": "Normal"}
{"atrial_heart_rate_basal": 73, "ventric_heart_rate_basal": 48, "qrs_duration_basal": 137, "hemoglobin_basal": 12.32, "platelets_basal": 208137, "leukocytes_basal": 8915, "sodium_basal": 145, "urea_basal": 47, "total_procedure_time": 82, "Condition": "Abnormal"}
{"atrial_heart_rate_basal": 61, "ventric_heart_rate_basal": 30, "qrs_duration_basal": 112, "hemoglobin_basal": 14.39, "platelets_basal": 200979, "leukocytes_basal": 7882, "sodium_basal": 148, "urea_basal": 73, "total_procedure_time": 65, "Condition": "Abnormal"}
{"atrial_heart_rate_basal": 75, "ventric_heart_rate_basal": 32, "qrs_duration_basal": 124, "hemoglobin_basal": 10.56, "platelets_basal": 195230, "leukocytes_basal": 7525, "sodium_basal": 144, "urea_basal": 62, "total_procedure_time": 84, "Condition": "Abnormal"}
{"atrial_heart_rate_basal": 70, "ventric_heart_rate_basal": 45, "qrs_duration_basal": 140, "hemoglobin_basal": 11.79, "platelets_basal": 167967, "leukocytes_basal": 9683, "sodium_basal": 133, "urea_basal": 40, "total_procedure_time": 124, "Condition": "Abnormal"}
{"atrial_heart_rate_basal": 84, "ventric_heart_rate_basal": 30, "qrs_duration_basal": 113, "hemoglobin_basal": 16.32, "platelets_basal": 190641, "leukocytes_basal": 8638, "sodium_basal": 135, "urea_basal": 70, "total_procedure_time": 129, "Condition": "Abnormal"}
{"atrial_heart_rate_basal": 90, "ventric_heart_rate_basal": 45, "qrs_duration_basal": 143, "hemoglobin_basal": 14.76, "platelets_basal": 211608, "leukocytes_basal": 8690, "sodium_basal": 140, "urea_basal": 51, "total_procedure_time": 105, "Condition": "Normal"}
{"atrial_heart_rate_basal": 60, "ventric_heart_rate_basal": 38, "qrs_duration_basal": 98, "hemoglobin_basal": 14.55, "platelets_basal": 206426, "leukocytes_basal": 7825, "sodium_basal": 131, "urea_basal": 58, "total_procedure_time": 124, "Condition": "Abnormal"}
{"atrial_heart_rate_basal": 66, "ventric_heart_rate_basal": 45, "qrs_duration_basal": 99, "hemoglobin_basal": 16.85, "platelets_basal": 216003, "leukocytes_basal": 9964, "sodium_basal": 146, "urea_basal": 45, "total_procedure_time": 128, "Condition": "Abnormal"}
{"atrial_heart_rate_basal": 88, "ventric_heart_rate_basal": 40, "qrs_duration_basal": 126, "hemoglobin_basal": 15.48, "platelets_basal": 176845, "leukocytes_basal": 8168, "sodium_basal": 144, "urea_basal": 56, "total_procedure_time": 123, "Condition": "Abnormal"}
{"atrial_heart_rate_basal": 81, "ventric_heart_rate_basal": 44, "qrs_duration_basal": 147, "hemoglobin_basal": 10.56, "platelets_basal": 228602, "leukocytes_basal": 9192, "sodium_basal": 135, "urea_basal": 44, "total_procedure_time": 98, "Condition": "Normal"}
{"atrial_heart_rate_basal": 89, "ventric_heart_rate_basal": 37, "qrs_duration_basal": 91, "hemoglobin_basal": 12.47, "platelets_basal": 227301, "leukocytes_basal": 8132, "sodium_basal": 146, "urea_basal": 77, "total_procedure_time": 79, "Condition": "Normal"}
{"atrial_heart_rate_basal": 74, "ventric_heart_rate_basal": 31, "qrs_duration_basal": 142, "hemoglobin_basal": 11.19, "platelets_basal": 169382, "leukocytes_basal": 6827, "sodium_basal": 136, "urea_basal": 55, "total_procedure_time": 82, "Condition": "Abnormal"}
{"atrial_heart_rate_basal": 88, "ventric_heart_rate_basal": 45, "qrs_duration_basal": 138, "hemoglobin_basal": 10.3, "platelets_basal": 212619, "leukocytes_basal": 8164, "sodium_basal": 150, "urea_basal": 75, "total_procedure_time": 125, "Condition": "Normal"}
{"atrial_heart_rate_basal": 72, "ventric_heart_rate_basal": 30, "qrs_duration_basal": 140, "hemoglobin_basal": 13.53, "platelets_basal": 180760, "leukocytes_basal": 8469, "sodium_basal": 139, "urea_basal": 55, "total_procedure_time": 95, "Condition": "Abnormal"}
{"atrial_heart_rate_basal": 85, "ventric_heart_rate_basal": 48, "qrs_duration_basal": 146, "hemoglobin_basal": 13.84, "platelets_basal": 210581, "leukocytes_basal": 9944, "sodium_basal": 143, "urea_basal": 69, "total_procedure_time": 129, "Condition": "Normal"}
{"atrial_heart_rate_basal": 81, "ventric_heart_rate_basal": 30, "qrs_duration_basal": 99, "hemoglobin_basal": 12.85, "platelets_basal": 187802, "leukocytes_basal": 7424, "sodium_basal": 142, "urea_basal": 64, "total_procedure_time": 92, "Condition": "Abnormal"}
{"atrial_heart_rate_basal": 84, "ventric_heart_rate_basal": 40, "qrs_duration_basal": 122, "hemoglobin_basal": 12.67, "platelets_basal": 181833, "leukocytes_basal": 8190, "sodium_basal": 130, "urea_basal": 43, "total_procedure_time": 61, "Condition": "Abnormal"}
{"atrial_heart_rate_basal": 81, "ventric_heart_rate_basal": 43, "qrs_duration_basal": 111, "hemoglobin_basal": 14.16, "platelets_basal": 214821, "leukocytes_basal": 9288, "sodium_basal": 130, "urea_basal": 48, "total_procedure_time": 117, "Condition": "Normal"}
{"atrial_heart_rate_basal": 71, "ventric_heart_rate_basal": 46, "qrs_duration_basal": 148, "hemoglobin_basal": 10.39, "platelets_basal": 177258, "leukocytes_basal": 7874, "sodium_basal": 150, "urea_basal": 68, "total_procedure_time": 103, "Condition": "Abnormal"}
{"atrial_heart_rate_basal": 82, "ventric_heart_rate_basal": 47, "qrs_duration_basal": 116, "hemoglobin_basal": 14.54, "platelets_basal": 219884, "leukocytes_basal": 8536, "sodium_basal": 141, "urea_basal": 43, "total_procedure_time": 76, "Condition": "Normal"}
{"atrial_heart_rate_basal": 85, "ventric_heart_rate_basal": 31, "qrs_duration_basal": 125, "hemoglobin_basal": 13.69, "platelets_basal": 177276, "leukocytes_basal": 7810, "sodium_basal": 148, "urea_basal": 79, "total_procedure_time": 94, "Condition": "Abnormal"}
{"atrial_heart_rate_basal": 63, "ventric_heart_rate_basal": 50, "qrs_duration_basal": 125, "hemoglobin_basal": 15.24, "platelets_basal": 188249, "leukocytes_basal": 7685, "sodium_basal": 150, "urea_basal": 59, "total_procedure_time": 78, "Condition": "Abnormal"}
{"atrial_heart_rate_basal": 71, "ventric_heart_rate_basal": 48, "qrs_duration_basal": 114, "hemoglobin_basal": 15.05, "platelets_basal": 177344, "leukocytes_basal": 8292, "sodium_basal": 136, "urea_basal": 49, "total_procedure_time": 107, "Condition": "Abnormal"}
{"atrial_heart_rate_basal": 68, "ventric_heart_rate_basal": 30, "qrs_duration_basal": 120, "hemoglobin_basal": 15.37, "platelets_basal": 198705, "leukocytes_basal": 8145, "sodium_basal": 130, "urea_basal": 41, "total_procedure_time": 137, "Condition": "Abnormal"}
{"atrial_heart_rate_basal": 70, "ventric_heart_rate_basal": 38, "qrs_duration_basal": 109, "hemoglobin_basal": 10.57, "platelets_basal": 200656, "leukocytes_basal": 9575, "sodium_basal": 138, "urea_basal": 52, "total_procedure_time": 96, "Condition": "Abnormal"}
{"atrial_heart_rate_basal": 80, "ventric_heart_rate_basal": 39, "qrs_duration_basal": 135, "hemoglobin_basal": 15.96, "platelets_basal": 210557, "leukocytes_basal": 9236, "sodium_basal": 149, "urea_basal": 68, "total_procedure_time": 85, "Condition": "Normal"}
{"atrial_heart_rate_basal": 67, "ventric_heart_rate_basal": 44, "qrs_duration_basal": 132, "hemoglobin_basal": 10.45, "platelets_basal": 174460, "leukocytes_basal": 9696, "sodium_basal": 149, "urea_basal": 41, "total_procedure_time": 135, "Condition": "Abnormal"}
{"atrial_heart_rate_basal": 63, "ventric_heart_rate_basal": 34, "qrs_duration_basal": 144, "hemoglobin_basal": 15.1, "platelets_basal": 190123, "leukocytes_basal": 9091, "sodium_basal": 136, "urea_basal": 71, "total_procedure_time": 64, "Condition": "Abnormal"}
{"atrial_heart_rate_basal": 64, "ventric_heart_rate_basal": 49, "qrs_duration_basal": 122, "hemoglobin_basal": 14.64, "platelets_basal": 219103, "leukocytes_basal": 7727, "sodium_basal": 141, "urea_basal": 51, "total_procedure_time": 86, "Condition": "Abnormal"}
{"atrial_heart_rate_basal": 81, "ventric_heart_rate_basal": 45, "qrs_duration_basal": 138, "hemoglobin_basal": 16.63, "platelets_basal": 207342, "leukocytes_basal": 6825, "sodium_basal": 146, "urea_basal": 78, "total_procedure_time": 136, "Condition": "Normal"}
{"atrial_heart_rate_basal": 75, "ventric_heart_rate_basal": 49, "qrs_duration_basal": 126, "hemoglobin_basal": 15.73, "platelets_basal": 210666, "leukocytes_basal": 9663, "sodium_basal": 138, "urea_basal": 60, "total_procedure_time": 95, "Condition": "Abnormal"}
{"atrial_heart_rate_basal": 71, "ventric_heart_rate_basal": 39, "qrs_duration_basal": 105, "hemoglobin_basal": 13.97, "platelets_basal": 239741, "leukocytes_basal": 6552, "sodium_basal": 135, "urea_basal": 59, "total_procedure_time": 60, "Condition": "Abnormal"}
{"atrial_heart_rate_basal": 88, "ventric_heart_rate_basal": 40, "qrs_duration_basal": 132, "hemoglobin_basal": 15.34, "platelets_basal": 194184, "leukocytes_basal": 7925, "sodium_basal": 150, "urea_basal": 56, "total_procedure_time": 76, "Condition": "Abnormal"}
{"atrial_heart_rate_basal": 63, "ventric_heart_rate_basal": 49, "qrs_duration_basal": 117, "hemoglobin_basal": 15.86, "platelets_basal": 210548, "leukocytes_basal": 8212, "sodium_basal": 134, "urea_basal": 79, "total_procedure_time": 103, "Condition": "Abnormal"}
{"atrial_heart_rate_basal": 76, "ventric_heart_rate_basal": 43, "qrs_duration_basal": 112, "hemoglobin_basal": 12.15, "platelets_basal": 188123, "leukocytes_basal": 9345, "sodium_basal": 143, "urea_basal": 75, "total_procedure_time": 127, "Condition": "Abnormal"}
{"atrial_heart_rate_basal": 60, "ventric_heart_rate_basal": 50, "qrs_duration_basal": 113, "hemoglobin_basal": 13.63, "platelets_basal": 226221, "leukocytes_basal": 8838, "sodium_basal": 140, "urea_basal": 67, "total_procedure_time": 95, "Condition": "Abnormal"}
{"atrial_heart_rate_basal": 67, "ventric_heart_rate_basal": 36, "qrs_duration_basal": 123, "hemoglobin_basal": 15.22, "platelets_basal": 168452, "leukocytes_basal": 9511, "sodium_basal": 139, "urea_basal": 56, "total_procedure_time": 74, "Condition": "Abnormal"}
{"atrial_heart_rate_basal": 64, "ventric_heart_rate_basal": 46, "qrs_duration_basal": 119, "hemoglobin_basal": 15.52, "platelets_basal": 165936, "leukocytes_basal": 9563, "sodium_basal": 146, "urea_basal": 48, "total_procedure_time": 100, "Condition": "Abnormal"}
{"atrial_heart_rate_basal": 75, "ventric_heart_rate_basal": 45, "qrs_duration_basal": 115, "hemoglobin_basal": 11.6, "platelets_basal": 210208, "leukocytes_basal": 9962, "sodium_basal": 150, "urea_basal": 68, "total_procedure_time": 63, "Condition": "Abnormal"}
{"atrial_heart_rate_basal": 82, "ventric_heart_rate_basal": 46, "qrs_duration_basal": 124, "hemoglobin_basal": 12.94, "platelets_basal": 171684, "leukocytes_basal": 9034, "sodium_basal": 140, "urea_basal": 76, "total_procedure_time": 132, "Condition": "Abnormal"}
{"atrial_heart_rate_basal": 87, "ventric_heart_rate_basal": 49, "qrs_duration_basal": 107, "hemoglobin_basal": 16.6, "platelets_basal": 219432, "leukocytes_basal": 8066, "sodium_basal": 138, "urea_basal": 51, "total_procedure_time": 65, "Condition": "Normal"}
{"atrial_heart_rate_basal": 73, "ventric_heart_rate_basal": 45, "qrs_duration_basal": 122, "hemoglobin_basal": 15.08, "platelets_basal": 187229, "leukocytes_basal": 7898, "sodium_basal": 139, "urea_basal": 46, "total_procedure_time": 97, "Condition": "Abnormal"}
{"atrial_heart_rate_basal": 81, "ventric_heart_rate_basal": 38, "qrs_duration_basal": 108, "hemoglobin_basal": 13.94, "platelets_basal": 212847, "leukocytes_basal": 9539, "sodium_basal": 132, "urea_basal": 41, "total_procedure_time": 124, "Condition": "Normal"}
{"atrial_heart_rate_basal": 62, "ventric_heart_rate_basal": 31, "qrs_duration_basal": 131, "hemoglobin_basal": 12.44, "platelets_basal": 203573, "leukocytes_basal": 6657, "sodium_basal": 138, "urea_basal": 51, "total_procedure_time": 66, "Condition": "Abnormal"}
{"atrial_heart_rate_basal": 67, "ventric_heart_rate_basal": 34, "qrs_duration_basal": 93, "hemoglobin_basal": 13.8, "platelets_basal": 232838, "leukocytes_basal": 8003, "sodium_basal": 150, "urea_basal": 60, "total_procedure_time": 86, "Condition": "Abnormal"}
{"atrial_heart_rate_basal": 90, "ventric_heart_rate_basal": 49, "qrs_duration_basal": 118, "hemoglobin_basal": 13.02, "platelets_basal": 231956, "leukocytes_basal": 7390, "sodium_basal": 135, "urea_basal": 63, "total_procedure_time": 70, "Condition": "Normal"}
{"atrial_heart_rate_basal": 69, "ventric_heart_rate_basal": 47, "qrs_duration_basal": 105, "hemoglobin_basal": 11.19, "platelets_basal": 217364, "leukocytes_basal": 9575, "sodium_basal": 132, "urea_basal": 53, "total_procedure_time": 139, "Condition": "Abnormal"}
{"atrial_heart_rate_basal": 71, "ventric_heart_rate_basal": 34, "qrs_duration_basal": 126, "hemoglobin_basal": 11.62, "platelets_basal": 227383, "leukocytes_basal": 7981, "sodium_basal": 134, "urea_basal": 78, "total_procedure_time": 105, "Condition": "Abnormal"}
{"atrial_heart_rate_basal": 65, "ventric_heart_rate_basal": 42, "qrs_duration_basal": 139, "hemoglobin_basal": 14.18, "platelets_basal": 229174, "leukocytes_basal": 7850, "sodium_basal": 144, "urea_basal": 50, "total_procedure_time": 136, "Condition": "Abnormal"}
{"atrial_heart_rate_basal": 85, "ventric_heart_rate_basal": 41, "qrs_duration_basal": 118, "hemoglobin_basal": 15.99, "platelets_basal": 193764, "leukocytes_basal": 8157, "sodium_basal": 142, "urea_basal": 44, "total_procedure_time": 60, "Condition": "Abnormal"}
{"atrial_heart_rate_basal": 90, "ventric_heart_rate_basal": 45, "qrs_duration_basal": 90, "hemoglobin_basal": 12.21, "platelets_basal": 165804, "leukocytes_basal": 7742, "sodium_basal": 145, "urea_basal": 47, "total_procedure_time": 131, "Condition": "Abnormal"}
{"atrial_heart_rate_basal": 73, "ventric_heart_rate_basal": 43, "qrs_duration_basal": 150, "hemoglobin_basal": 11.04, "platelets_basal": 237500, "leukocytes_basal": 9208, "sodium_basal": 142, "urea_basal": 53, "total_procedure_time": 132, "Condition": "Abnormal"}
{"atrial_heart_rate_basal": 82, "ventric_heart_rate_basal": 48, "qrs_duration_basal": 141, "hemoglobin_basal": 10.09, "platelets_basal": 175906, "leukocytes_basal": 9040, "sodium_basal": 149, "urea_basal": 45, "total_procedure_time": 120, "Condition": "Abnormal"}
{"atrial_heart_rate_basal": 78, "ventric_heart_rate_basal": 48, "qrs_duration_basal": 145, "hemoglobin_basal": 14.38, "platelets_basal": 226907, "leukocytes_basal": 7339, "sodium_basal": 144, "urea_basal": 54, "total_procedure_time": 81, "Condition": "Normal"}
{"atrial_heart_rate_basal": 84, "ventric_heart_rate_basal": 48, "qrs_duration_basal": 124, "hemoglobin_basal": 12.95, "platelets_basal": 230914, "leukocytes_basal": 9738, "sodium_basal": 145, "urea_basal": 53, "total_procedure_time": 113, "Condition": "Normal"}
{"atrial_heart_rate_basal": 72, "ventric_heart_rate_basal": 36, "qrs_duration_basal": 96, "hemoglobin_basal": 15.14, "platelets_basal": 210740, "leukocytes_basal": 7536, "sodium_basal": 131, "urea_basal": 75, "total_procedure_time": 98, "Condition": "Abnormal"}
{"atrial_heart_rate_basal": 76, "ventric_heart_rate_basal": 49, "qrs_duration_basal": 144, "hemoglobin_basal": 11.27, "platelets_basal": 223797, "leukocytes_basal": 9683, "sodium_basal": 135, "urea_basal": 66, "total_procedure_time": 90, "Condition": "Normal"}
{"atrial_heart_rate_basal": 89, "ventric_heart_rate_basal": 45, "qrs_duration_basal": 124, "hemoglobin_basal": 16.29, "platelets_basal": 203283, "leukocytes_basal": 8916, "sodium_basal": 149, "urea_basal": 56, "total_procedure_time": 93, "Condition": "Normal"}
{"atrial_heart_rate_basal": 86, "ventric_heart_rate_basal": 47, "qrs_duration_basal": 96, "hemoglobin_basal": 10.87, "platelets_basal": 198548, "leukocytes_basal": 8656, "sodium_basal": 150, "urea_basal": 49, "total_procedure_time": 67, "Condition": "Abnormal"}
{"atrial_heart_rate_basal": 89, "ventric_heart_rate_basal": 32, "qrs_duration_basal": 98, "hemoglobin_basal": 13.88, "platelets_basal": 193391, "leukocytes_basal": 6734, "sodium_basal": 132, "urea_basal": 63, "total_procedure_time": 73, "Condition": "Abnormal"}
{"atrial_heart_rate_basal": 80, "ventric_heart_rate_basal": 48, "qrs_duration_basal": 91, "hemoglobin_basal": 13.25, "platelets_basal": 172411, "leukocytes_basal": 6702, "sodium_basal": 144, "urea_basal": 69, "total_procedure_time": 73, "Condition": "Abnormal"}
