{"Date": "18-Nov-2019 12:57:34:160488", "Temperature": 98.56, "Condition": "Normal"}
{"Date": "18-Nov-2019 12:57:34:160488", "Temperature": 104.73, "Condition": "Abnormal"}
{"Date": "18-Nov-2019 12:57:34:160488", "Temperature": 106.88, "Condition": "Abnormal"}
{"Date": "18-Nov-2019 12:57:34:160488", "Temperature": 100.15, "Condition": "Abnormal"}
{"Date": "18-Nov-2019 12:57:34:160488", "Temperature": 100.65, "Condition": "Abnormal"}
{"Date": "18-Nov-2019 12:57:34:161483", "Temperature": 101.03, "Condition": "Abnormal"}
{"Date": "18-Nov-2019 12:57:34:161483", "Temperature": 107.79, "Condition": "Abnormal"}
{"Date": "18-Nov-2019 12:57:34:161483", "Temperature": 100.87, "Condition": "Abnormal"}
{"Date": "18-Nov-2019 12:57:34:161483", "Temperature": 102.37, "Condition": "Abnormal"}
{"Date": "18-Nov-2019 12:57:34:161483", "Temperature": 99.08, "Condition": "Normal"}
{"Date": "18-Nov-2019 12:57:34:161483", "Temperature": 102.27, "Condition": "Abnormal"}
{"Date": "18-Nov-2019 12:57:34:161483", "Temperature": 101.21, "Condition": "Abnormal"}
{"Date": "18-Nov-2019 12:57:34:161483", "Temperature": 101.79, "Condition": "Abnormal"}
{"Date": "18-Nov-2019 12:57:34:161483", "Temperature": 97.5, "Condition": "Normal"}
{"Date": "18-Nov-2019 12:57:34:161483", "Temperature": 107.51, "Condition": "Abnormal"}
{"Date": "18-Nov-2019 12:57:34:161483", "Temperature": 97.83, "Condition": "Normal"}
{"Date": "18-Nov-2019 12:57:34:161483", "Temperature": 97.33, "Condition": "Normal"}
{"Date": "18-Nov-2019 12:57:34:161483", "Temperature": 99.43, "Condition": "Normal"}
{"Date": "18-Nov-2019 12:57:34:161483", "Temperature": 100.15, "Condition": "Abnormal"}
{"Date": "18-Nov-2019 12:57:34:162480", "Temperature": 107.18, "Condition": "Abnormal"}
{"Date": "18-Nov-2019 12:57:34:162480", "Temperature": 99.71, "Condition": "Normal"}
{"Date": "18-Nov-2019 12:57:34:162480", "Temperature": 104.99, "Condition": "Abnormal"}
{"Date": "18-Nov-2019 12:57:34:162480", "Temperature": 106.18, "Condition": "Abnormal"}
{"Date": "18-Nov-2019 12:57:34:162480", "Temperature": 105.9, "Condition": "Abnormal"}
{"Date": "18-Nov-2019 12:57:34:162480", "Temperature": 99.93, "Condition": "Normal"}
{"Date": "18-Nov-2019 12:57:34:162480", "Temperature": 103.87, "Condition": "Abnormal"}
{"Date": "18-Nov-2019 12:57:34:162480", "Temperature": 99.01, "Condition": "Normal"}
{"Date": "18-Nov-2019 12:57:34:162480", "Temperature": 98.71, "Condition": "Normal"}
{"Date": "18-Nov-2019 12:57:34:163477", "Temperature": 104.67, "Condition": "Abnormal"}
{"Date": "18-Nov-2019 12:57:34:163477", "Temperature": 101.44, "Condition": "Abnormal"}
{"Date": "18-Nov-2019 12:57:34:163477", "Temperature": 105.31, "Condition": "Abnormal"}
{"Date": "18-Nov-2019 12:57:34:163477", "Temperature": 100.1, "Condition": "Abnormal"}
{"Date": "18-Nov-2019 12:57:34:163477", "Temperature": 105.05, "Condition": "Abnormal"}
{"Date": "18-Nov-2019 12:57:34:163477", "Temperature": 103.52, "Condition": "Abnormal"}
{"Date": "18-Nov-2019 12:57:34:163477", "Temperature": 106.94, "Condition": "Abnormal"}
{"Date": "18-Nov-2019 12:57:34:163477", "Temperature": 98.63, "Condition": "Normal"}
{"Date": "18-Nov-2019 12:57:34:163477", "Temperature": 99.03, "Condition": "Normal"}
{"Date": "18-Nov-2019 12:57:34:163477", "Temperature": 102.72, "Condition": "Abnormal"}
{"Date": "18-Nov-2019 12:57:34:164475", "Temperature": 106.91, "Condition": "Abnormal"}
{"Date": "18-Nov-2019 12:57:34:164475", "Temperature": 99.78, "Condition": "Normal"}
{"Date": "18-Nov-2019 12:57:34:164475", "Temperature": 107.62, "Condition": "Abnormal"}
{"Date": "18-Nov-2019 12:57:34:164475", "Temperature": 107.56, "Condition": "Abnormal"}
{"Date": "18-Nov-2019 12:57:34:164475", "Temperature": 105.04, "Condition": "Abnormal"}
{"Date": "18-Nov-2019 12:57:34:164475", "Temperature": 99.56, "Condition": "Normal"}
{"Date": "18-Nov-2019 12:57:34:164475", "Temperature": 107.73, "Condition": "Abnormal"}
{"Date": "18-Nov-2019 12:57:34:164475", "Temperature": 98.39, "Condition": "Normal"}
{"Date": "18-Nov-2019 12:57:34:164475", "Temperature": 102.09, "Condition": "Abnormal"}
{"Date": "18-Nov-2019 12:57:34:164475", "Temperature": 103.06, "Condition": "Abnormal"}
{"Date": "18-Nov-2019 12:57:34:164475", "Temperature": 97.52, "Condition": "Normal"}
{"Date": "18-Nov-2019 12:57:34:164475", "Temperature": 103.83, "Condition": "Abnormal"}
{"Date": "18-Nov-2019 12:57:34:164475", "Temperature": 97.49, "Condition": "Normal"}
{"Date": "18-Nov-2019 12:57:34:164475", "Temperature": 101.76, "Condition": "Abnormal"}
{"Date": "18-Nov-2019 12:57:34:164475", "Temperature": 101.56, "Condition": "Abnormal"}
{"Date": "18-Nov-2019 12:57:34:164475", "Temperature": 99.17, "Condition": "Normal"}
{"Date": "18-Nov-2019 12:57:34:164475", "Temperature": 101.35, "Condition": "Abnormal"}
{"Date": "18-Nov-2019 12:57:34:164475", "Temperature": 97.42, "Condition": "Normal"}
{"Date": "18-Nov-2019 12:57:34:164475", "Temperature": 101.86, "Condition": "Abnormal"}
{"Date": "18-Nov-2019 12:57:34:168465", "Temperature": 98.98, "Condition": "Normal"}
{"Date": "18-Nov-2019 12:57:34:168465", "Temperature": 104.04, "Condition": "Abnormal"}
{"Date": "18-Nov-2019 12:57:34:169461", "Temperature": 100.06, "Condition": "Abnormal"}
{"Date": "18-Nov-2019 12:57:34:174449", "Temperature": 103.48, "Condition": "Abnormal"}
{"Date": "18-Nov-2019 12:57:34:174449", "Temperature": 102.98, "Condition": "Abnormal"}
{"Date": "18-Nov-2019 12:57:34:174449", "Temperature": 103.31, "Condition": "Abnormal"}
{"Date": "18-Nov-2019 12:57:34:175446", "Temperature": 107.5, "Condition": "Abnormal"}
{"Date": "18-Nov-2019 12:57:34:175446", "Temperature": 106.07, "Condition": "Abnormal"}
{"Date": "18-Nov-2019 12:57:34:175446", "Temperature": 100.05, "Condition": "Abnormal"}
{"Date": "18-Nov-2019 12:57:34:175446", "Temperature": 98.2, "Condition": "Normal"}
{"Date": "18-Nov-2019 12:57:34:175446", "Temperature": 103.58, "Condition": "Abnormal"}
{"Date": "18-Nov-2019 12:57:34:176443", "Temperature": 106.3, "Condition": "Abnormal"}
{"Date": "18-Nov-2019 12:57:34:176443", "Temperature": 106.53, "Condition": "Abnormal"}
{"Date": "18-Nov-2019 12:57:34:176443", "Temperature": 106.06, "Condition": "Abnormal"}
{"Date": "18-Nov-2019 12:57:34:176443", "Temperature": 99.69, "Condition": "Normal"}
{"Date": "18-Nov-2019 12:57:34:176443", "Temperature": 106.1, "Condition": "Abnormal"}
{"Date": "18-Nov-2019 12:57:34:176443", "Temperature": 104.75, "Condition": "Abnormal"}
{"Date": "18-Nov-2019 12:57:34:176443", "Temperature": 97.17, "Condition": "Normal"}
{"Date": "18-Nov-2019 12:57:34:176443", "Temperature": 99.7, "Condition": "Normal"}
{"Date": "18-Nov-2019 12:57:34:176443", "Temperature": 102.87, "Condition": "Abnormal"}
{"Date": "18-Nov-2019 12:57:34:176443", "Temperature": 99.0, "Condition": "Normal"}
{"Date": "18-Nov-2019 12:57:34:177442", "Temperature": 102.36, "Condition": "Abnormal"}
{"Date": "18-Nov-2019 12:57:34:177442", "Temperature": 98.86, "Condition": "Normal"}
{"Date": "18-Nov-2019 12:57:34:177442", "Temperature": 100.93, "Condition": "Abnormal"}
{"Date": "18-Nov-2019 12:57:34:178439", "Temperature": 100.35, "Condition": "Abnormal"}
{"Date": "18-Nov-2019 12:57:34:178439", "Temperature": 99.6, "Condition": "Normal"}
{"Date": "18-Nov-2019 12:57:34:178439", "Temperature": 104.73, "Condition": "Abnormal"}
{"Date": "18-Nov-2019 12:57:34:178439", "Temperature": 98.51, "Condition": "Normal"}
{"Date": "18-Nov-2019 12:57:34:178439", "Temperature": 99.47, "Condition": "Normal"}
{"Date": "18-Nov-2019 12:57:34:178439", "Temperature": 98.33, "Condition": "Normal"}
{"Date": "18-Nov-2019 12:57:34:178439", "Temperature": 99.2, "Condition": "Normal"}
{"Date": "18-Nov-2019 12:57:34:178439", "Temperature": 98.39, "Condition": "Normal"}
{"Date": "18-Nov-2019 12:57:34:178439", "Temperature": 103.75, "Condition": "Abnormal"}
{"Date": "18-Nov-2019 12:57:34:178439", "Temperature": 103.98, "Condition": "Abnormal"}
{"Date": "18-Nov-2019 12:57:34:178439", "Temperature": 98.55, "Condition": "Normal"}
{"Date": "18-Nov-2019 12:57:34:178439", "Temperature": 104.22, "Condition": "Abnormal"}
{"Date": "18-Nov-2019 12:57:34:178439", "Temperature": 106.22, "Condition": "Abnormal"}
{"Date": "18-Nov-2019 12:57:34:180434", "Temperature": 107.31, "Condition": "Abnormal"}
{"Date": "18-Nov-2019 12:57:34:180434", "Temperature": 103.81, "Condition": "Abnormal"}
{"Date": "18-Nov-2019 12:57:34:180434", "Temperature": 106.15, "Condition": "Abnormal"}
{"Date": "18-Nov-2019 12:57:34:180434", "Temperature": 100.5, "Condition": "Abnormal"}
{"Date": "18-Nov-2019 12:57:34:180434", "Temperature": 106.69, "Condition": "Abnormal"}
{"Date": "18-Nov-2019 13:02:03:344057", "Temperature": 97.12, "Condition": "Normal"}
{"Date": "18-Nov-2019 13:02:03:345055", "Temperature": 101.79, "Condition": "Abnormal"}
{"Date": "18-Nov-2019 13:02:03:345055", "Temperature": 107.29, "Condition": "Abnormal"}
{"Date": "18-Nov-2019 13:02:03:345055", "Temperature": 97.23, "Condition": "Normal"}
{"Date": "18-Nov-2019 13:02:03:345055", "Temperature": 101.08, "Condition": "Abnormal"}
{"Date": "18-Nov-2019 13:02:03:345055", "Temperature": 103.8, "Condition": "Abnormal"}
{"Date": "18-Nov-2019 13:02:03:345055", "Temperature": 97.76, "Condition": "Normal"}
{"Date": "18-Nov-2019 13:02:03:345055", "Temperature": 104.95, "Condition": "Abnormal"}
{"Date": "18-Nov-2019 13:02:03:345055", "Temperature": 106.14, "Condition": "Abnormal"}
{"Date": "18-Nov-2019 13:02:03:346053", "Temperature": 104.02, "Condition": "Abnormal"}
{"Date": "18-Nov-2019 13:02:03:346053", "Temperature": 100.29, "Condition": "Abnormal"}
{"Date": "18-Nov-2019 13:02:03:346053", "Temperature": 99.86, "Condition": "Normal"}
{"Date": "18-Nov-2019 13:02:03:346053", "Temperature": 101.59, "Condition": "Abnormal"}
{"Date": "18-Nov-2019 13:02:03:346053", "Temperature": 99.52, "Condition": "Normal"}
{"Date": "18-Nov-2019 13:02:03:346053", "Temperature": 99.28, "Condition": "Normal"}
{"Date": "18-Nov-2019 13:02:03:346053", "Temperature": 105.78, "Condition": "Abnormal"}
{"Date": "18-Nov-2019 13:02:03:346053", "Temperature": 97.02, "Condition": "Normal"}
{"Date": "18-Nov-2019 13:02:03:346053", "Temperature": 99.61, "Condition": "Normal"}
{"Date": "18-Nov-2019 13:02:03:346053", "Temperature": 97.51, "Condition": "Normal"}
{"Date": "18-Nov-2019 13:02:03:346053", "Temperature": 104.52, "Condition": "Abnormal"}
{"Date": "18-Nov-2019 13:02:03:346053", "Temperature": 97.47, "Condition": "Normal"}
{"Date": "18-Nov-2019 13:02:03:346053", "Temperature": 97.16, "Condition": "Normal"}
{"Date": "18-Nov-2019 13:02:03:347049", "Temperature": 102.68, "Condition": "Abnormal"}
{"Date": "18-Nov-2019 13:02:03:347049", "Temperature": 97.48, "Condition": "Normal"}
{"Date": "18-Nov-2019 13:02:03:347049", "Temperature": 106.88, "Condition": "Abnormal"}
{"Date": "18-Nov-2019 13:02:03:347049", "Temperature": 100.86, "Condition": "Abnormal"}
{"Date": "18-Nov-2019 13:02:03:349044", "Temperature": 104.12, "Condition": "Abnormal"}
{"Date": "18-Nov-2019 13:02:03:349044", "Temperature": 100.46, "Condition": "Abnormal"}
{"Date": "18-Nov-2019 13:02:03:349044", "Temperature": 98.64, "Condition": "Normal"}
{"Date": "18-Nov-2019 13:02:03:349044", "Temperature": 97.18, "Condition": "Normal"}
{"Date": "18-Nov-2019 13:02:03:349044", "Temperature": 101.71, "Condition": "Abnormal"}
{"Date": "18-Nov-2019 13:02:03:349044", "Temperature": 101.09, "Condition": "Abnormal"}
{"Date": "18-Nov-2019 13:02:03:349044", "Temperature": 98.49, "Condition": "Normal"}
{"Date": "18-Nov-2019 13:02:03:349044", "Temperature": 104.17, "Condition": "Abnormal"}
{"Date": "18-Nov-2019 13:02:03:349044", "Temperature": 100.33, "Condition": "Abnormal"}
{"Date": "18-Nov-2019 13:02:03:349044", "Temperature": 105.94, "Condition": "Abnormal"}
{"Date": "18-Nov-2019 13:02:03:349044", "Temperature": 107.22, "Condition": "Abnormal"}
{"Date": "18-Nov-2019 13:02:03:349044", "Temperature": 105.41, "Condition": "Abnormal"}
{"Date": "18-Nov-2019 13:02:03:349044", "Temperature": 103.34, "Condition": "Abnormal"}
{"Date": "18-Nov-2019 13:02:03:349044", "Temperature": 101.91, "Condition": "Abnormal"}
{"Date": "18-Nov-2019 13:02:03:349044", "Temperature": 103.47, "Condition": "Abnormal"}
{"Date": "18-Nov-2019 13:02:03:349044", "Temperature": 100.78, "Condition": "Abnormal"}
{"Date": "18-Nov-2019 13:02:03:349044", "Temperature": 101.09, "Condition": "Abnormal"}
{"Date": "18-Nov-2019 13:02:03:349044", "Temperature": 100.41, "Condition": "Abnormal"}
{"Date": "18-Nov-2019 13:02:03:349044", "Temperature": 102.42, "Condition": "Abnormal"}
{"Date": "18-Nov-2019 13:02:03:349044", "Temperature": 98.27, "Condition": "Normal"}
{"Date": "18-Nov-2019 13:02:03:349044", "Temperature": 99.62, "Condition": "Normal"}
{"Date": "18-Nov-2019 13:02:03:349044", "Temperature": 105.82, "Condition": "Abnormal"}
{"Date": "18-Nov-2019 13:02:03:349044", "Temperature": 97.71, "Condition": "Normal"}
{"Date": "18-Nov-2019 13:02:03:353034", "Temperature": 107.08, "Condition": "Abnormal"}
{"Date": "18-Nov-2019 13:02:03:353034", "Temperature": 106.36, "Condition": "Abnormal"}
{"Date": "18-Nov-2019 13:02:03:353034", "Temperature": 102.18, "Condition": "Abnormal"}
{"Date": "18-Nov-2019 13:02:03:353034", "Temperature": 98.6, "Condition": "Normal"}
{"Date": "18-Nov-2019 13:02:03:353034", "Temperature": 100.77, "Condition": "Abnormal"}
{"Date": "18-Nov-2019 13:02:03:353034", "Temperature": 97.58, "Condition": "Normal"}
{"Date": "18-Nov-2019 13:02:03:353034", "Temperature": 107.46, "Condition": "Abnormal"}
{"Date": "18-Nov-2019 13:02:03:353034", "Temperature": 104.21, "Condition": "Abnormal"}
{"Date": "18-Nov-2019 13:02:03:353034", "Temperature": 100.05, "Condition": "Abnormal"}
{"Date": "18-Nov-2019 13:02:03:353034", "Temperature": 98.02, "Condition": "Normal"}
{"Date": "18-Nov-2019 13:02:03:353034", "Temperature": 103.46, "Condition": "Abnormal"}
{"Date": "18-Nov-2019 13:02:03:353034", "Temperature": 107.45, "Condition": "Abnormal"}
{"Date": "18-Nov-2019 13:02:03:353034", "Temperature": 100.84, "Condition": "Abnormal"}
{"Date": "18-Nov-2019 13:02:03:353034", "Temperature": 106.16, "Condition": "Abnormal"}
{"Date": "18-Nov-2019 13:02:03:353034", "Temperature": 97.18, "Condition": "Normal"}
{"Date": "18-Nov-2019 13:02:03:353034", "Temperature": 106.01, "Condition": "Abnormal"}
{"Date": "18-Nov-2019 13:02:03:353034", "Temperature": 99.98, "Condition": "Normal"}
{"Date": "18-Nov-2019 13:02:03:353034", "Temperature": 103.28, "Condition": "Abnormal"}
{"Date": "18-Nov-2019 13:02:03:353034", "Temperature": 97.09, "Condition": "Normal"}
{"Date": "18-Nov-2019 13:02:03:353034", "Temperature": 98.39, "Condition": "Normal"}
{"Date": "18-Nov-2019 13:02:03:353034", "Temperature": 98.74, "Condition": "Normal"}
{"Date": "18-Nov-2019 13:02:03:353034", "Temperature": 106.24, "Condition": "Abnormal"}
{"Date": "18-Nov-2019 13:02:03:353034", "Temperature": 102.1, "Condition": "Abnormal"}
{"Date": "18-Nov-2019 13:02:03:354031", "Temperature": 100.26, "Condition": "Abnormal"}
{"Date": "18-Nov-2019 13:02:03:354031", "Temperature": 98.56, "Condition": "Normal"}
{"Date": "18-Nov-2019 13:02:03:354031", "Temperature": 104.94, "Condition": "Abnormal"}
{"Date": "18-Nov-2019 13:02:03:354031", "Temperature": 100.91, "Condition": "Abnormal"}
{"Date": "18-Nov-2019 13:02:03:354031", "Temperature": 98.0, "Condition": "Normal"}
{"Date": "18-Nov-2019 13:02:03:354031", "Temperature": 106.3, "Condition": "Abnormal"}
{"Date": "18-Nov-2019 13:02:03:354031", "Temperature": 103.93, "Condition": "Abnormal"}
{"Date": "18-Nov-2019 13:02:03:354031", "Temperature": 103.42, "Condition": "Abnormal"}
{"Date": "18-Nov-2019 13:02:03:354031", "Temperature": 104.86, "Condition": "Abnormal"}
{"Date": "18-Nov-2019 13:02:03:354031", "Temperature": 107.58, "Condition": "Abnormal"}
{"Date": "18-Nov-2019 13:02:03:355028", "Temperature": 100.9, "Condition": "Abnormal"}
{"Date": "18-Nov-2019 13:02:03:355028", "Temperature": 104.4, "Condition": "Abnormal"}
{"Date": "18-Nov-2019 13:02:03:355028", "Temperature": 106.42, "Condition": "Abnormal"}
{"Date": "18-Nov-2019 13:02:03:355028", "Temperature": 107.37, "Condition": "Abnormal"}
{"Date": "18-Nov-2019 13:02:03:355028", "Temperature": 102.9, "Condition": "Abnormal"}
{"Date": "18-Nov-2019 13:02:03:355028", "Temperature": 107.77, "Condition": "Abnormal"}
{"Date": "18-Nov-2019 13:02:03:355028", "Temperature": 105.87, "Condition": "Abnormal"}
{"Date": "18-Nov-2019 13:02:03:359017", "Temperature": 103.02, "Condition": "Abnormal"}
{"Date": "18-Nov-2019 13:02:03:359017", "Temperature": 103.83, "Condition": "Abnormal"}
{"Date": "18-Nov-2019 13:02:03:359017", "Temperature": 106.65, "Condition": "Abnormal"}
{"Date": "18-Nov-2019 13:02:03:359017", "Temperature": 99.75, "Condition": "Normal"}
{"Date": "18-Nov-2019 13:02:03:359017", "Temperature": 99.84, "Condition": "Normal"}
{"Date": "18-Nov-2019 13:02:03:360015", "Temperature": 103.98, "Condition": "Abnormal"}
{"Date": "18-Nov-2019 13:02:03:360015", "Temperature": 100.83, "Condition": "Abnormal"}
{"Date": "18-Nov-2019 13:02:03:360015", "Temperature": 101.39, "Condition": "Abnormal"}
{"Date": "18-Nov-2019 13:02:03:360015", "Temperature": 107.51, "Condition": "Abnormal"}
{"Date": "18-Nov-2019 13:02:03:360015", "Temperature": 99.72, "Condition": "Normal"}
{"Date": "20-Nov-2019 23:29:13:337933", "Temperature": 100.96, "Condition": "Abnormal"}
{"Date": "20-Nov-2019 23:29:13:337933", "Temperature": 98.35, "Condition": "Normal"}
{"Date": "20-Nov-2019 23:29:13:337933", "Temperature": 97.58, "Condition": "Normal"}
{"Date": "20-Nov-2019 23:29:13:337933", "Temperature": 102.94, "Condition": "Abnormal"}
{"Date": "20-Nov-2019 23:29:13:337933", "Temperature": 97.22, "Condition": "Normal"}
{"Date": "20-Nov-2019 23:29:13:337933", "Temperature": 102.06, "Condition": "Abnormal"}
{"Date": "20-Nov-2019 23:29:13:337933", "Temperature": 105.96, "Condition": "Abnormal"}
{"Date": "20-Nov-2019 23:29:13:337933", "Temperature": 105.92, "Condition": "Abnormal"}
{"Date": "20-Nov-2019 23:29:13:337933", "Temperature": 106.79, "Condition": "Abnormal"}
{"Date": "20-Nov-2019 23:29:13:337933", "Temperature": 105.48, "Condition": "Abnormal"}
{"Date": "20-Nov-2019 23:29:13:337933", "Temperature": 104.49, "Condition": "Abnormal"}
{"Date": "20-Nov-2019 23:29:13:337933", "Temperature": 103.07, "Condition": "Abnormal"}
{"Date": "20-Nov-2019 23:29:13:337933", "Temperature": 99.29, "Condition": "Normal"}
{"Date": "20-Nov-2019 23:29:13:337933", "Temperature": 99.99, "Condition": "Normal"}
{"Date": "20-Nov-2019 23:29:13:337933", "Temperature": 105.14, "Condition": "Abnormal"}
{"Date": "20-Nov-2019 23:29:13:337933", "Temperature": 101.04, "Condition": "Abnormal"}
{"Date": "20-Nov-2019 23:29:13:337933", "Temperature": 97.94, "Condition": "Normal"}
{"Date": "20-Nov-2019 23:29:13:337933", "Temperature": 97.87, "Condition": "Normal"}
{"Date": "20-Nov-2019 23:29:13:338929", "Temperature": 99.33, "Condition": "Normal"}
{"Date": "20-Nov-2019 23:29:13:338929", "Temperature": 100.54, "Condition": "Abnormal"}
{"Date": "20-Nov-2019 23:29:13:338929", "Temperature": 99.79, "Condition": "Normal"}
{"Date": "20-Nov-2019 23:29:13:338929", "Temperature": 99.65, "Condition": "Normal"}
{"Date": "20-Nov-2019 23:29:13:338929", "Temperature": 105.0, "Condition": "Abnormal"}
{"Date": "20-Nov-2019 23:29:13:338929", "Temperature": 105.17, "Condition": "Abnormal"}
{"Date": "20-Nov-2019 23:29:13:338929", "Temperature": 100.63, "Condition": "Abnormal"}
{"Date": "20-Nov-2019 23:29:13:338929", "Temperature": 107.98, "Condition": "Abnormal"}
{"Date": "20-Nov-2019 23:29:13:338929", "Temperature": 100.46, "Condition": "Abnormal"}
{"Date": "20-Nov-2019 23:29:13:338929", "Temperature": 100.79, "Condition": "Abnormal"}
{"Date": "20-Nov-2019 23:29:13:338929", "Temperature": 102.36, "Condition": "Abnormal"}
{"Date": "20-Nov-2019 23:29:13:338929", "Temperature": 107.73, "Condition": "Abnormal"}
{"Date": "20-Nov-2019 23:29:13:338929", "Temperature": 100.89, "Condition": "Abnormal"}
{"Date": "20-Nov-2019 23:29:13:338929", "Temperature": 106.2, "Condition": "Abnormal"}
{"Date": "20-Nov-2019 23:29:13:338929", "Temperature": 99.18, "Condition": "Normal"}
{"Date": "20-Nov-2019 23:29:13:338929", "Temperature": 106.41, "Condition": "Abnormal"}
{"Date": "20-Nov-2019 23:29:13:338929", "Temperature": 100.98, "Condition": "Abnormal"}
{"Date": "20-Nov-2019 23:29:13:338929", "Temperature": 104.42, "Condition": "Abnormal"}
{"Date": "20-Nov-2019 23:29:13:338929", "Temperature": 106.5, "Condition": "Abnormal"}
{"Date": "20-Nov-2019 23:29:13:338929", "Temperature": 102.34, "Condition": "Abnormal"}
{"Date": "20-Nov-2019 23:29:13:338929", "Temperature": 104.18, "Condition": "Abnormal"}
{"Date": "20-Nov-2019 23:29:13:338929", "Temperature": 100.14, "Condition": "Abnormal"}
{"Date": "20-Nov-2019 23:29:13:338929", "Temperature": 106.46, "Condition": "Abnormal"}
{"Date": "20-Nov-2019 23:29:13:341921", "Temperature": 105.35, "Condition": "Abnormal"}
{"Date": "20-Nov-2019 23:29:13:341921", "Temperature": 105.08, "Condition": "Abnormal"}
{"Date": "20-Nov-2019 23:29:13:341921", "Temperature": 98.98, "Condition": "Normal"}
{"Date": "20-Nov-2019 23:29:13:341921", "Temperature": 98.2, "Condition": "Normal"}
{"Date": "20-Nov-2019 23:29:13:341921", "Temperature": 105.32, "Condition": "Abnormal"}
{"Date": "20-Nov-2019 23:29:13:341921", "Temperature": 104.23, "Condition": "Abnormal"}
{"Date": "20-Nov-2019 23:29:13:341921", "Temperature": 97.35, "Condition": "Normal"}
{"Date": "20-Nov-2019 23:29:13:341921", "Temperature": 102.44, "Condition": "Abnormal"}
{"Date": "20-Nov-2019 23:29:13:341921", "Temperature": 102.95, "Condition": "Abnormal"}
{"Date": "20-Nov-2019 23:29:13:341921", "Temperature": 98.73, "Condition": "Normal"}
{"Date": "20-Nov-2019 23:29:13:341921", "Temperature": 105.52, "Condition": "Abnormal"}
{"Date": "20-Nov-2019 23:29:13:341921", "Temperature": 97.1, "Condition": "Normal"}
{"Date": "20-Nov-2019 23:29:13:341921", "Temperature": 97.67, "Condition": "Normal"}
{"Date": "20-Nov-2019 23:29:13:341921", "Temperature": 100.26, "Condition": "Abnormal"}
{"Date": "20-Nov-2019 23:29:13:341921", "Temperature": 101.81, "Condition": "Abnormal"}
{"Date": "20-Nov-2019 23:29:13:341921", "Temperature": 105.49, "Condition": "Abnormal"}
{"Date": "20-Nov-2019 23:29:13:342918", "Temperature": 103.0, "Condition": "Abnormal"}
{"Date": "20-Nov-2019 23:29:13:342918", "Temperature": 99.34, "Condition": "Normal"}
{"Date": "20-Nov-2019 23:29:13:342918", "Temperature": 106.1, "Condition": "Abnormal"}
{"Date": "20-Nov-2019 23:29:13:342918", "Temperature": 106.46, "Condition": "Abnormal"}
{"Date": "20-Nov-2019 23:29:13:342918", "Temperature": 106.76, "Condition": "Abnormal"}
{"Date": "20-Nov-2019 23:29:13:342918", "Temperature": 98.8, "Condition": "Normal"}
{"Date": "20-Nov-2019 23:29:13:342918", "Temperature": 102.5, "Condition": "Abnormal"}
{"Date": "20-Nov-2019 23:29:13:342918", "Temperature": 101.77, "Condition": "Abnormal"}
{"Date": "20-Nov-2019 23:29:13:342918", "Temperature": 98.6, "Condition": "Normal"}
{"Date": "20-Nov-2019 23:29:13:342918", "Temperature": 107.53, "Condition": "Abnormal"}
{"Date": "20-Nov-2019 23:29:13:342918", "Temperature": 105.84, "Condition": "Abnormal"}
{"Date": "20-Nov-2019 23:29:13:342918", "Temperature": 106.77, "Condition": "Abnormal"}
{"Date": "20-Nov-2019 23:29:13:342918", "Temperature": 101.91, "Condition": "Abnormal"}
{"Date": "20-Nov-2019 23:29:13:342918", "Temperature": 103.74, "Condition": "Abnormal"}
{"Date": "20-Nov-2019 23:29:13:343916", "Temperature": 99.22, "Condition": "Normal"}
{"Date": "20-Nov-2019 23:29:13:343916", "Temperature": 103.09, "Condition": "Abnormal"}
{"Date": "20-Nov-2019 23:29:13:343916", "Temperature": 102.87, "Condition": "Abnormal"}
{"Date": "20-Nov-2019 23:29:13:343916", "Temperature": 103.62, "Condition": "Abnormal"}
{"Date": "20-Nov-2019 23:29:13:343916", "Temperature": 107.88, "Condition": "Abnormal"}
{"Date": "20-Nov-2019 23:29:13:343916", "Temperature": 102.62, "Condition": "Abnormal"}
{"Date": "20-Nov-2019 23:29:13:343916", "Temperature": 106.31, "Condition": "Abnormal"}
{"Date": "20-Nov-2019 23:29:13:343916", "Temperature": 97.57, "Condition": "Normal"}
{"Date": "20-Nov-2019 23:29:13:343916", "Temperature": 104.84, "Condition": "Abnormal"}
{"Date": "20-Nov-2019 23:29:13:343916", "Temperature": 102.35, "Condition": "Abnormal"}
{"Date": "20-Nov-2019 23:29:13:343916", "Temperature": 107.75, "Condition": "Abnormal"}
{"Date": "20-Nov-2019 23:29:13:343916", "Temperature": 97.65, "Condition": "Normal"}
{"Date": "20-Nov-2019 23:29:13:343916", "Temperature": 102.68, "Condition": "Abnormal"}
{"Date": "20-Nov-2019 23:29:13:343916", "Temperature": 99.57, "Condition": "Normal"}
{"Date": "20-Nov-2019 23:29:13:343916", "Temperature": 99.0, "Condition": "Normal"}
{"Date": "20-Nov-2019 23:29:13:346908", "Temperature": 107.44, "Condition": "Abnormal"}
{"Date": "20-Nov-2019 23:29:13:346908", "Temperature": 99.3, "Condition": "Normal"}
{"Date": "20-Nov-2019 23:29:13:346908", "Temperature": 106.05, "Condition": "Abnormal"}
{"Date": "20-Nov-2019 23:29:13:346908", "Temperature": 107.3, "Condition": "Abnormal"}
{"Date": "20-Nov-2019 23:29:13:346908", "Temperature": 104.66, "Condition": "Abnormal"}
{"Date": "20-Nov-2019 23:29:13:346908", "Temperature": 106.13, "Condition": "Abnormal"}
{"Date": "20-Nov-2019 23:29:13:347905", "Temperature": 102.68, "Condition": "Abnormal"}
{"Date": "20-Nov-2019 23:29:13:347905", "Temperature": 102.65, "Condition": "Abnormal"}
{"Date": "20-Nov-2019 23:29:13:351894", "Temperature": 100.09, "Condition": "Abnormal"}
{"Date": "20-Nov-2019 23:29:13:352892", "Temperature": 102.21, "Condition": "Abnormal"}
{"Date": "20-Nov-2019 23:29:13:352892", "Temperature": 99.14, "Condition": "Normal"}
{"Date": "20-Nov-2019 23:29:13:352892", "Temperature": 103.25, "Condition": "Abnormal"}
{"Date": "20-Nov-2019 23:29:13:352892", "Temperature": 107.46, "Condition": "Abnormal"}
