{"Date": "18-Nov-2019 13:02:03:365001", "Glucose Specimen": 104, "Condition": "Normal", "Insulin Specimen": 16}
{"Date": "18-Nov-2019 13:02:03:365001", "Glucose Specimen": 112, "Condition": "Normal", "Insulin Specimen": 14}
{"Date": "18-Nov-2019 13:02:03:365001", "Glucose Specimen": 104, "Condition": "Abnormal", "Insulin Specimen": 19}
{"Date": "18-Nov-2019 13:02:03:365998", "Glucose Specimen": 110, "Condition": "Normal", "Insulin Specimen": 16}
{"Date": "18-Nov-2019 13:02:03:365998", "Glucose Specimen": 112, "Condition": "Normal", "Insulin Specimen": 12}
{"Date": "18-Nov-2019 13:02:03:365998", "Glucose Specimen": 116, "Condition": "Abnormal", "Insulin Specimen": 19}
{"Date": "18-Nov-2019 13:02:03:365998", "Glucose Specimen": 117, "Condition": "Abnormal", "Insulin Specimen": 21}
{"Date": "18-Nov-2019 13:02:03:365998", "Glucose Specimen": 112, "Condition": "Abnormal", "Insulin Specimen": 20}
{"Date": "18-Nov-2019 13:02:03:365998", "Glucose Specimen": 103, "Condition": "Abnormal", "Insulin Specimen": 20}
{"Date": "18-Nov-2019 13:02:03:365998", "Glucose Specimen": 117, "Condition": "Normal", "Insulin Specimen": 17}
{"Date": "18-Nov-2019 13:02:03:365998", "Glucose Specimen": 106, "Condition": "Normal", "Insulin Specimen": 15}
{"Date": "18-Nov-2019 13:02:03:365998", "Glucose Specimen": 110, "Condition": "Abnormal", "Insulin Specimen": 20}
{"Date": "18-Nov-2019 13:02:03:366996", "Glucose Specimen": 116, "Condition": "Abnormal", "Insulin Specimen": 21}
{"Date": "18-Nov-2019 13:02:03:366996", "Glucose Specimen": 103, "Condition": "Normal", "Insulin Specimen": 12}
{"Date": "18-Nov-2019 13:02:03:366996", "Glucose Specimen": 115, "Condition": "Normal", "Insulin Specimen": 15}
{"Date": "18-Nov-2019 13:02:03:367994", "Glucose Specimen": 114, "Condition": "Abnormal", "Insulin Specimen": 22}
{"Date": "18-Nov-2019 13:02:03:367994", "Glucose Specimen": 101, "Condition": "Abnormal", "Insulin Specimen": 20}
{"Date": "18-Nov-2019 13:02:03:367994", "Glucose Specimen": 111, "Condition": "Abnormal", "Insulin Specimen": 21}
{"Date": "18-Nov-2019 13:02:03:367994", "Glucose Specimen": 100, "Condition": "Abnormal", "Insulin Specimen": 22}
{"Date": "18-Nov-2019 13:02:03:367994", "Glucose Specimen": 115, "Condition": "Normal", "Insulin Specimen": 13}
{"Date": "18-Nov-2019 13:02:03:367994", "Glucose Specimen": 113, "Condition": "Normal", "Insulin Specimen": 13}
{"Date": "18-Nov-2019 13:02:03:368991", "Glucose Specimen": 101, "Condition": "Normal", "Insulin Specimen": 13}
{"Date": "18-Nov-2019 13:02:03:368991", "Glucose Specimen": 117, "Condition": "Normal", "Insulin Specimen": 14}
{"Date": "18-Nov-2019 13:02:03:368991", "Glucose Specimen": 100, "Condition": "Normal", "Insulin Specimen": 12}
{"Date": "18-Nov-2019 13:02:03:368991", "Glucose Specimen": 115, "Condition": "Normal", "Insulin Specimen": 15}
{"Date": "18-Nov-2019 13:02:03:368991", "Glucose Specimen": 116, "Condition": "Normal", "Insulin Specimen": 12}
{"Date": "18-Nov-2019 13:02:03:368991", "Glucose Specimen": 115, "Condition": "Abnormal", "Insulin Specimen": 18}
{"Date": "18-Nov-2019 13:02:03:368991", "Glucose Specimen": 100, "Condition": "Abnormal", "Insulin Specimen": 22}
{"Date": "18-Nov-2019 13:02:03:368991", "Glucose Specimen": 110, "Condition": "Normal", "Insulin Specimen": 15}
{"Date": "18-Nov-2019 13:02:03:368991", "Glucose Specimen": 111, "Condition": "Normal", "Insulin Specimen": 13}
{"Date": "18-Nov-2019 13:02:03:368991", "Glucose Specimen": 112, "Condition": "Abnormal", "Insulin Specimen": 22}
{"Date": "18-Nov-2019 13:02:03:368991", "Glucose Specimen": 104, "Condition": "Normal", "Insulin Specimen": 14}
{"Date": "18-Nov-2019 13:02:03:368991", "Glucose Specimen": 106, "Condition": "Normal", "Insulin Specimen": 15}
{"Date": "18-Nov-2019 13:02:03:368991", "Glucose Specimen": 102, "Condition": "Normal", "Insulin Specimen": 17}
{"Date": "18-Nov-2019 13:02:03:368991", "Glucose Specimen": 107, "Condition": "Normal", "Insulin Specimen": 15}
{"Date": "18-Nov-2019 13:02:03:368991", "Glucose Specimen": 115, "Condition": "Abnormal", "Insulin Specimen": 20}
{"Date": "18-Nov-2019 13:02:03:368991", "Glucose Specimen": 105, "Condition": "Abnormal", "Insulin Specimen": 19}
{"Date": "18-Nov-2019 13:02:03:368991", "Glucose Specimen": 110, "Condition": "Normal", "Insulin Specimen": 13}
{"Date": "18-Nov-2019 13:02:03:368991", "Glucose Specimen": 113, "Condition": "Abnormal", "Insulin Specimen": 22}
{"Date": "18-Nov-2019 13:02:03:368991", "Glucose Specimen": 103, "Condition": "Normal", "Insulin Specimen": 17}
{"Date": "18-Nov-2019 13:02:03:368991", "Glucose Specimen": 112, "Condition": "Normal", "Insulin Specimen": 13}
{"Date": "18-Nov-2019 13:02:03:370986", "Glucose Specimen": 112, "Condition": "Normal", "Insulin Specimen": 13}
{"Date": "18-Nov-2019 13:02:03:370986", "Glucose Specimen": 101, "Condition": "Normal", "Insulin Specimen": 14}
{"Date": "18-Nov-2019 13:02:03:370986", "Glucose Specimen": 108, "Condition": "Normal", "Insulin Specimen": 12}
{"Date": "18-Nov-2019 13:02:03:370986", "Glucose Specimen": 112, "Condition": "Normal", "Insulin Specimen": 17}
{"Date": "18-Nov-2019 13:02:03:370986", "Glucose Specimen": 106, "Condition": "Normal", "Insulin Specimen": 15}
{"Date": "18-Nov-2019 13:02:03:370986", "Glucose Specimen": 108, "Condition": "Abnormal", "Insulin Specimen": 22}
{"Date": "18-Nov-2019 13:02:03:371983", "Glucose Specimen": 113, "Condition": "Abnormal", "Insulin Specimen": 20}
{"Date": "18-Nov-2019 13:02:03:371983", "Glucose Specimen": 106, "Condition": "Normal", "Insulin Specimen": 16}
{"Date": "18-Nov-2019 13:02:03:371983", "Glucose Specimen": 114, "Condition": "Normal", "Insulin Specimen": 12}
{"Date": "18-Nov-2019 13:02:03:371983", "Glucose Specimen": 115, "Condition": "Abnormal", "Insulin Specimen": 22}
{"Date": "18-Nov-2019 13:02:03:371983", "Glucose Specimen": 100, "Condition": "Normal", "Insulin Specimen": 15}
{"Date": "18-Nov-2019 13:02:03:371983", "Glucose Specimen": 111, "Condition": "Abnormal", "Insulin Specimen": 18}
{"Date": "18-Nov-2019 13:02:03:371983", "Glucose Specimen": 118, "Condition": "Normal", "Insulin Specimen": 13}
{"Date": "18-Nov-2019 13:02:03:371983", "Glucose Specimen": 106, "Condition": "Normal", "Insulin Specimen": 14}
{"Date": "18-Nov-2019 13:02:03:371983", "Glucose Specimen": 116, "Condition": "Abnormal", "Insulin Specimen": 19}
{"Date": "18-Nov-2019 13:02:03:371983", "Glucose Specimen": 103, "Condition": "Normal", "Insulin Specimen": 15}
{"Date": "18-Nov-2019 13:02:03:371983", "Glucose Specimen": 112, "Condition": "Normal", "Insulin Specimen": 17}
{"Date": "18-Nov-2019 13:02:03:371983", "Glucose Specimen": 106, "Condition": "Normal", "Insulin Specimen": 14}
{"Date": "18-Nov-2019 13:02:03:375972", "Glucose Specimen": 110, "Condition": "Normal", "Insulin Specimen": 12}
{"Date": "18-Nov-2019 13:02:03:375972", "Glucose Specimen": 116, "Condition": "Normal", "Insulin Specimen": 17}
{"Date": "18-Nov-2019 13:02:03:375972", "Glucose Specimen": 105, "Condition": "Abnormal", "Insulin Specimen": 20}
{"Date": "18-Nov-2019 13:02:03:375972", "Glucose Specimen": 113, "Condition": "Abnormal", "Insulin Specimen": 20}
{"Date": "18-Nov-2019 13:02:03:375972", "Glucose Specimen": 116, "Condition": "Abnormal", "Insulin Specimen": 21}
{"Date": "18-Nov-2019 13:02:03:375972", "Glucose Specimen": 117, "Condition": "Abnormal", "Insulin Specimen": 18}
{"Date": "18-Nov-2019 13:02:03:376969", "Glucose Specimen": 115, "Condition": "Normal", "Insulin Specimen": 12}
{"Date": "18-Nov-2019 13:02:03:376969", "Glucose Specimen": 109, "Condition": "Normal", "Insulin Specimen": 15}
{"Date": "18-Nov-2019 13:02:03:376969", "Glucose Specimen": 102, "Condition": "Normal", "Insulin Specimen": 14}
{"Date": "18-Nov-2019 13:02:03:376969", "Glucose Specimen": 110, "Condition": "Normal", "Insulin Specimen": 13}
{"Date": "18-Nov-2019 13:02:03:376969", "Glucose Specimen": 110, "Condition": "Normal", "Insulin Specimen": 14}
{"Date": "18-Nov-2019 13:02:03:376969", "Glucose Specimen": 103, "Condition": "Normal", "Insulin Specimen": 16}
{"Date": "18-Nov-2019 13:02:03:376969", "Glucose Specimen": 100, "Condition": "Normal", "Insulin Specimen": 16}
{"Date": "18-Nov-2019 13:02:03:376969", "Glucose Specimen": 101, "Condition": "Abnormal", "Insulin Specimen": 22}
{"Date": "18-Nov-2019 13:02:03:378964", "Glucose Specimen": 116, "Condition": "Normal", "Insulin Specimen": 12}
{"Date": "18-Nov-2019 13:02:03:378964", "Glucose Specimen": 111, "Condition": "Normal", "Insulin Specimen": 17}
{"Date": "18-Nov-2019 13:02:03:378964", "Glucose Specimen": 118, "Condition": "Abnormal", "Insulin Specimen": 19}
{"Date": "18-Nov-2019 13:02:03:378964", "Glucose Specimen": 112, "Condition": "Abnormal", "Insulin Specimen": 18}
{"Date": "18-Nov-2019 13:02:03:378964", "Glucose Specimen": 113, "Condition": "Normal", "Insulin Specimen": 14}
{"Date": "18-Nov-2019 13:02:03:378964", "Glucose Specimen": 116, "Condition": "Normal", "Insulin Specimen": 16}
{"Date": "18-Nov-2019 13:02:03:378964", "Glucose Specimen": 112, "Condition": "Abnormal", "Insulin Specimen": 20}
{"Date": "18-Nov-2019 13:02:03:378964", "Glucose Specimen": 115, "Condition": "Normal", "Insulin Specimen": 15}
{"Date": "18-Nov-2019 13:02:03:378964", "Glucose Specimen": 108, "Condition": "Normal", "Insulin Specimen": 17}
{"Date": "18-Nov-2019 13:02:03:378964", "Glucose Specimen": 103, "Condition": "Abnormal", "Insulin Specimen": 19}
{"Date": "18-Nov-2019 13:02:03:378964", "Glucose Specimen": 102, "Condition": "Normal", "Insulin Specimen": 16}
{"Date": "18-Nov-2019 13:02:03:378964", "Glucose Specimen": 116, "Condition": "Abnormal", "Insulin Specimen": 22}
{"Date": "18-Nov-2019 13:02:03:378964", "Glucose Specimen": 116, "Condition": "Abnormal", "Insulin Specimen": 18}
{"Date": "18-Nov-2019 13:02:03:378964", "Glucose Specimen": 111, "Condition": "Abnormal", "Insulin Specimen": 20}
{"Date": "18-Nov-2019 13:02:03:378964", "Glucose Specimen": 107, "Condition": "Abnormal", "Insulin Specimen": 20}
{"Date": "18-Nov-2019 13:02:03:378964", "Glucose Specimen": 114, "Condition": "Abnormal", "Insulin Specimen": 19}
{"Date": "18-Nov-2019 13:02:03:378964", "Glucose Specimen": 113, "Condition": "Abnormal", "Insulin Specimen": 18}
{"Date": "18-Nov-2019 13:02:03:378964", "Glucose Specimen": 114, "Condition": "Normal", "Insulin Specimen": 13}
{"Date": "18-Nov-2019 13:02:03:379961", "Glucose Specimen": 113, "Condition": "Abnormal", "Insulin Specimen": 20}
{"Date": "18-Nov-2019 13:02:03:379961", "Glucose Specimen": 108, "Condition": "Normal", "Insulin Specimen": 16}
{"Date": "18-Nov-2019 13:02:03:379961", "Glucose Specimen": 115, "Condition": "Normal", "Insulin Specimen": 13}
{"Date": "18-Nov-2019 13:02:03:379961", "Glucose Specimen": 110, "Condition": "Normal", "Insulin Specimen": 13}
{"Date": "18-Nov-2019 13:02:03:379961", "Glucose Specimen": 106, "Condition": "Abnormal", "Insulin Specimen": 22}
{"Date": "18-Nov-2019 13:02:03:379961", "Glucose Specimen": 106, "Condition": "Normal", "Insulin Specimen": 17}
{"Date": "18-Nov-2019 13:02:03:379961", "Glucose Specimen": 108, "Condition": "Normal", "Insulin Specimen": 16}
{"Date": "18-Nov-2019 13:02:03:379961", "Glucose Specimen": 118, "Condition": "Normal", "Insulin Specimen": 16}
{"Date": "20-Nov-2019 23:29:13:356882", "Glucose Specimen": 117, "Condition": "Normal", "Insulin Specimen": 16}
{"Date": "20-Nov-2019 23:29:13:356882", "Glucose Specimen": 110, "Condition": "Normal", "Insulin Specimen": 13}
{"Date": "20-Nov-2019 23:29:13:356882", "Glucose Specimen": 107, "Condition": "Abnormal", "Insulin Specimen": 19}
{"Date": "20-Nov-2019 23:29:13:356882", "Glucose Specimen": 105, "Condition": "Normal", "Insulin Specimen": 15}
{"Date": "20-Nov-2019 23:29:13:356882", "Glucose Specimen": 100, "Condition": "Normal", "Insulin Specimen": 15}
{"Date": "20-Nov-2019 23:29:13:356882", "Glucose Specimen": 105, "Condition": "Abnormal", "Insulin Specimen": 19}
{"Date": "20-Nov-2019 23:29:13:356882", "Glucose Specimen": 105, "Condition": "Abnormal", "Insulin Specimen": 18}
{"Date": "20-Nov-2019 23:29:13:356882", "Glucose Specimen": 102, "Condition": "Normal", "Insulin Specimen": 13}
{"Date": "20-Nov-2019 23:29:13:356882", "Glucose Specimen": 108, "Condition": "Normal", "Insulin Specimen": 15}
{"Date": "20-Nov-2019 23:29:13:356882", "Glucose Specimen": 103, "Condition": "Normal", "Insulin Specimen": 13}
{"Date": "20-Nov-2019 23:29:13:356882", "Glucose Specimen": 107, "Condition": "Abnormal", "Insulin Specimen": 21}
{"Date": "20-Nov-2019 23:29:13:356882", "Glucose Specimen": 111, "Condition": "Abnormal", "Insulin Specimen": 22}
{"Date": "20-Nov-2019 23:29:13:356882", "Glucose Specimen": 115, "Condition": "Normal", "Insulin Specimen": 13}
{"Date": "20-Nov-2019 23:29:13:356882", "Glucose Specimen": 103, "Condition": "Normal", "Insulin Specimen": 16}
{"Date": "20-Nov-2019 23:29:13:357879", "Glucose Specimen": 116, "Condition": "Abnormal", "Insulin Specimen": 19}
{"Date": "20-Nov-2019 23:29:13:357879", "Glucose Specimen": 104, "Condition": "Abnormal", "Insulin Specimen": 21}
{"Date": "20-Nov-2019 23:29:13:357879", "Glucose Specimen": 110, "Condition": "Abnormal", "Insulin Specimen": 22}
{"Date": "20-Nov-2019 23:29:13:357879", "Glucose Specimen": 105, "Condition": "Normal", "Insulin Specimen": 14}
{"Date": "20-Nov-2019 23:29:13:357879", "Glucose Specimen": 115, "Condition": "Abnormal", "Insulin Specimen": 21}
{"Date": "20-Nov-2019 23:29:13:357879", "Glucose Specimen": 117, "Condition": "Normal", "Insulin Specimen": 16}
{"Date": "20-Nov-2019 23:29:13:357879", "Glucose Specimen": 110, "Condition": "Normal", "Insulin Specimen": 14}
{"Date": "20-Nov-2019 23:29:13:357879", "Glucose Specimen": 105, "Condition": "Normal", "Insulin Specimen": 13}
{"Date": "20-Nov-2019 23:29:13:357879", "Glucose Specimen": 101, "Condition": "Abnormal", "Insulin Specimen": 20}
{"Date": "20-Nov-2019 23:29:13:357879", "Glucose Specimen": 100, "Condition": "Abnormal", "Insulin Specimen": 22}
{"Date": "20-Nov-2019 23:29:13:357879", "Glucose Specimen": 118, "Condition": "Normal", "Insulin Specimen": 12}
{"Date": "20-Nov-2019 23:29:13:357879", "Glucose Specimen": 101, "Condition": "Normal", "Insulin Specimen": 14}
{"Date": "20-Nov-2019 23:29:13:357879", "Glucose Specimen": 110, "Condition": "Normal", "Insulin Specimen": 14}
{"Date": "20-Nov-2019 23:29:13:357879", "Glucose Specimen": 110, "Condition": "Abnormal", "Insulin Specimen": 21}
{"Date": "20-Nov-2019 23:29:13:357879", "Glucose Specimen": 112, "Condition": "Abnormal", "Insulin Specimen": 20}
{"Date": "20-Nov-2019 23:29:13:357879", "Glucose Specimen": 106, "Condition": "Normal", "Insulin Specimen": 12}
{"Date": "20-Nov-2019 23:29:13:357879", "Glucose Specimen": 112, "Condition": "Normal", "Insulin Specimen": 13}
{"Date": "20-Nov-2019 23:29:13:358876", "Glucose Specimen": 109, "Condition": "Normal", "Insulin Specimen": 12}
{"Date": "20-Nov-2019 23:29:13:358876", "Glucose Specimen": 115, "Condition": "Normal", "Insulin Specimen": 14}
{"Date": "20-Nov-2019 23:29:13:358876", "Glucose Specimen": 102, "Condition": "Normal", "Insulin Specimen": 16}
{"Date": "20-Nov-2019 23:29:13:358876", "Glucose Specimen": 104, "Condition": "Abnormal", "Insulin Specimen": 21}
{"Date": "20-Nov-2019 23:29:13:358876", "Glucose Specimen": 114, "Condition": "Normal", "Insulin Specimen": 16}
{"Date": "20-Nov-2019 23:29:13:358876", "Glucose Specimen": 101, "Condition": "Normal", "Insulin Specimen": 16}
{"Date": "20-Nov-2019 23:29:13:358876", "Glucose Specimen": 117, "Condition": "Abnormal", "Insulin Specimen": 22}
{"Date": "20-Nov-2019 23:29:13:358876", "Glucose Specimen": 110, "Condition": "Normal", "Insulin Specimen": 13}
{"Date": "20-Nov-2019 23:29:13:358876", "Glucose Specimen": 116, "Condition": "Abnormal", "Insulin Specimen": 22}
{"Date": "20-Nov-2019 23:29:13:358876", "Glucose Specimen": 114, "Condition": "Normal", "Insulin Specimen": 15}
{"Date": "20-Nov-2019 23:29:13:358876", "Glucose Specimen": 104, "Condition": "Normal", "Insulin Specimen": 13}
{"Date": "20-Nov-2019 23:29:13:358876", "Glucose Specimen": 104, "Condition": "Abnormal", "Insulin Specimen": 19}
{"Date": "20-Nov-2019 23:29:13:358876", "Glucose Specimen": 106, "Condition": "Abnormal", "Insulin Specimen": 21}
{"Date": "20-Nov-2019 23:29:13:358876", "Glucose Specimen": 115, "Condition": "Normal", "Insulin Specimen": 15}
{"Date": "20-Nov-2019 23:29:13:358876", "Glucose Specimen": 118, "Condition": "Abnormal", "Insulin Specimen": 20}
{"Date": "20-Nov-2019 23:29:13:359873", "Glucose Specimen": 108, "Condition": "Abnormal", "Insulin Specimen": 22}
{"Date": "20-Nov-2019 23:29:13:359873", "Glucose Specimen": 114, "Condition": "Normal", "Insulin Specimen": 15}
{"Date": "20-Nov-2019 23:29:13:359873", "Glucose Specimen": 114, "Condition": "Abnormal", "Insulin Specimen": 21}
{"Date": "20-Nov-2019 23:29:13:359873", "Glucose Specimen": 118, "Condition": "Normal", "Insulin Specimen": 17}
{"Date": "20-Nov-2019 23:29:13:359873", "Glucose Specimen": 113, "Condition": "Abnormal", "Insulin Specimen": 21}
{"Date": "20-Nov-2019 23:29:13:359873", "Glucose Specimen": 110, "Condition": "Abnormal", "Insulin Specimen": 20}
{"Date": "20-Nov-2019 23:29:13:359873", "Glucose Specimen": 100, "Condition": "Abnormal", "Insulin Specimen": 20}
{"Date": "20-Nov-2019 23:29:13:359873", "Glucose Specimen": 112, "Condition": "Abnormal", "Insulin Specimen": 18}
{"Date": "20-Nov-2019 23:29:13:359873", "Glucose Specimen": 103, "Condition": "Abnormal", "Insulin Specimen": 20}
{"Date": "20-Nov-2019 23:29:13:359873", "Glucose Specimen": 118, "Condition": "Abnormal", "Insulin Specimen": 20}
{"Date": "20-Nov-2019 23:29:13:359873", "Glucose Specimen": 105, "Condition": "Abnormal", "Insulin Specimen": 22}
{"Date": "20-Nov-2019 23:29:13:359873", "Glucose Specimen": 105, "Condition": "Normal", "Insulin Specimen": 15}
{"Date": "20-Nov-2019 23:29:13:359873", "Glucose Specimen": 107, "Condition": "Normal", "Insulin Specimen": 16}
{"Date": "20-Nov-2019 23:29:13:359873", "Glucose Specimen": 108, "Condition": "Abnormal", "Insulin Specimen": 19}
{"Date": "20-Nov-2019 23:29:13:359873", "Glucose Specimen": 112, "Condition": "Abnormal", "Insulin Specimen": 20}
{"Date": "20-Nov-2019 23:29:13:359873", "Glucose Specimen": 112, "Condition": "Abnormal", "Insulin Specimen": 18}
{"Date": "20-Nov-2019 23:29:13:359873", "Glucose Specimen": 107, "Condition": "Normal", "Insulin Specimen": 14}
{"Date": "20-Nov-2019 23:29:13:359873", "Glucose Specimen": 118, "Condition": "Normal", "Insulin Specimen": 16}
{"Date": "20-Nov-2019 23:29:13:359873", "Glucose Specimen": 105, "Condition": "Normal", "Insulin Specimen": 16}
{"Date": "20-Nov-2019 23:29:13:359873", "Glucose Specimen": 108, "Condition": "Abnormal", "Insulin Specimen": 18}
{"Date": "20-Nov-2019 23:29:13:359873", "Glucose Specimen": 101, "Condition": "Normal", "Insulin Specimen": 16}
{"Date": "20-Nov-2019 23:29:13:359873", "Glucose Specimen": 104, "Condition": "Normal", "Insulin Specimen": 13}
{"Date": "20-Nov-2019 23:29:13:359873", "Glucose Specimen": 116, "Condition": "Normal", "Insulin Specimen": 16}
{"Date": "20-Nov-2019 23:29:13:359873", "Glucose Specimen": 102, "Condition": "Abnormal", "Insulin Specimen": 22}
{"Date": "20-Nov-2019 23:29:13:359873", "Glucose Specimen": 108, "Condition": "Abnormal", "Insulin Specimen": 21}
{"Date": "20-Nov-2019 23:29:13:359873", "Glucose Specimen": 116, "Condition": "Abnormal", "Insulin Specimen": 21}
{"Date": "20-Nov-2019 23:29:13:361868", "Glucose Specimen": 109, "Condition": "Abnormal", "Insulin Specimen": 19}
{"Date": "20-Nov-2019 23:29:13:361868", "Glucose Specimen": 108, "Condition": "Normal", "Insulin Specimen": 14}
{"Date": "20-Nov-2019 23:29:13:361868", "Glucose Specimen": 116, "Condition": "Abnormal", "Insulin Specimen": 18}
{"Date": "20-Nov-2019 23:29:13:362865", "Glucose Specimen": 117, "Condition": "Normal", "Insulin Specimen": 12}
{"Date": "20-Nov-2019 23:29:13:362865", "Glucose Specimen": 107, "Condition": "Normal", "Insulin Specimen": 14}
{"Date": "20-Nov-2019 23:29:13:362865", "Glucose Specimen": 116, "Condition": "Normal", "Insulin Specimen": 12}
{"Date": "20-Nov-2019 23:29:13:362865", "Glucose Specimen": 102, "Condition": "Normal", "Insulin Specimen": 13}
{"Date": "20-Nov-2019 23:29:13:362865", "Glucose Specimen": 114, "Condition": "Abnormal", "Insulin Specimen": 20}
{"Date": "20-Nov-2019 23:29:13:362865", "Glucose Specimen": 112, "Condition": "Abnormal", "Insulin Specimen": 19}
{"Date": "20-Nov-2019 23:29:13:362865", "Glucose Specimen": 111, "Condition": "Abnormal", "Insulin Specimen": 19}
{"Date": "20-Nov-2019 23:29:13:362865", "Glucose Specimen": 113, "Condition": "Abnormal", "Insulin Specimen": 18}
{"Date": "20-Nov-2019 23:29:13:362865", "Glucose Specimen": 114, "Condition": "Abnormal", "Insulin Specimen": 18}
{"Date": "20-Nov-2019 23:29:13:362865", "Glucose Specimen": 114, "Condition": "Abnormal", "Insulin Specimen": 20}
{"Date": "20-Nov-2019 23:29:13:362865", "Glucose Specimen": 114, "Condition": "Abnormal", "Insulin Specimen": 19}
{"Date": "20-Nov-2019 23:29:13:362865", "Glucose Specimen": 109, "Condition": "Normal", "Insulin Specimen": 12}
{"Date": "20-Nov-2019 23:29:13:362865", "Glucose Specimen": 112, "Condition": "Abnormal", "Insulin Specimen": 20}
{"Date": "20-Nov-2019 23:29:13:362865", "Glucose Specimen": 107, "Condition": "Normal", "Insulin Specimen": 14}
{"Date": "20-Nov-2019 23:29:13:362865", "Glucose Specimen": 118, "Condition": "Normal", "Insulin Specimen": 15}
{"Date": "20-Nov-2019 23:29:13:362865", "Glucose Specimen": 104, "Condition": "Abnormal", "Insulin Specimen": 22}
{"Date": "20-Nov-2019 23:29:13:362865", "Glucose Specimen": 101, "Condition": "Abnormal", "Insulin Specimen": 19}
{"Date": "20-Nov-2019 23:29:13:370844", "Glucose Specimen": 103, "Condition": "Normal", "Insulin Specimen": 15}
{"Date": "20-Nov-2019 23:29:13:370844", "Glucose Specimen": 105, "Condition": "Normal", "Insulin Specimen": 13}
{"Date": "20-Nov-2019 23:29:13:370844", "Glucose Specimen": 102, "Condition": "Normal", "Insulin Specimen": 17}
{"Date": "20-Nov-2019 23:29:13:370844", "Glucose Specimen": 105, "Condition": "Normal", "Insulin Specimen": 14}
{"Date": "20-Nov-2019 23:29:13:370844", "Glucose Specimen": 103, "Condition": "Normal", "Insulin Specimen": 14}
{"Date": "20-Nov-2019 23:29:13:370844", "Glucose Specimen": 107, "Condition": "Normal", "Insulin Specimen": 12}
{"Date": "20-Nov-2019 23:29:13:370844", "Glucose Specimen": 104, "Condition": "Abnormal", "Insulin Specimen": 22}
