{"Date": "20-Nov-2019 23:29:13:375831", "BO Specimen": 99, "Condition": "Normal"}
{"Date": "20-Nov-2019 23:29:13:375831", "BO Specimen": 98, "Condition": "Normal"}
{"Date": "20-Nov-2019 23:29:13:375831", "BO Specimen": 90, "Condition": "Abnormal"}
{"Date": "20-Nov-2019 23:29:13:375831", "BO Specimen": 105, "Condition": "Normal"}
{"Date": "20-Nov-2019 23:29:13:375831", "BO Specimen": 102, "Condition": "Normal"}
{"Date": "20-Nov-2019 23:29:13:375831", "BO Specimen": 95, "Condition": "Abnormal"}
{"Date": "20-Nov-2019 23:29:13:375831", "BO Specimen": 90, "Condition": "Abnormal"}
{"Date": "20-Nov-2019 23:29:13:375831", "BO Specimen": 101, "Condition": "Normal"}
{"Date": "20-Nov-2019 23:29:13:375831", "BO Specimen": 98, "Condition": "Normal"}
{"Date": "20-Nov-2019 23:29:13:375831", "BO Specimen": 104, "Condition": "Normal"}
{"Date": "20-Nov-2019 23:29:13:375831", "BO Specimen": 89, "Condition": "Abnormal"}
{"Date": "20-Nov-2019 23:29:13:375831", "BO Specimen": 91, "Condition": "Abnormal"}
{"Date": "20-Nov-2019 23:29:13:376828", "BO Specimen": 104, "Condition": "Normal"}
{"Date": "20-Nov-2019 23:29:13:376828", "BO Specimen": 105, "Condition": "Normal"}
{"Date": "20-Nov-2019 23:29:13:376828", "BO Specimen": 104, "Condition": "Normal"}
{"Date": "20-Nov-2019 23:29:13:376828", "BO Specimen": 104, "Condition": "Normal"}
{"Date": "20-Nov-2019 23:29:13:376828", "BO Specimen": 93, "Condition": "Abnormal"}
{"Date": "20-Nov-2019 23:29:13:376828", "BO Specimen": 100, "Condition": "Normal"}
{"Date": "20-Nov-2019 23:29:13:376828", "BO Specimen": 97, "Condition": "Normal"}
{"Date": "20-Nov-2019 23:29:13:376828", "BO Specimen": 97, "Condition": "Normal"}
{"Date": "20-Nov-2019 23:29:13:376828", "BO Specimen": 100, "Condition": "Normal"}
{"Date": "20-Nov-2019 23:29:13:376828", "BO Specimen": 103, "Condition": "Normal"}
{"Date": "20-Nov-2019 23:29:13:376828", "BO Specimen": 103, "Condition": "Normal"}
{"Date": "20-Nov-2019 23:29:13:376828", "BO Specimen": 104, "Condition": "Normal"}
{"Date": "20-Nov-2019 23:29:13:379820", "BO Specimen": 99, "Condition": "Normal"}
{"Date": "20-Nov-2019 23:29:13:379820", "BO Specimen": 103, "Condition": "Normal"}
{"Date": "20-Nov-2019 23:29:13:379820", "BO Specimen": 101, "Condition": "Normal"}
{"Date": "20-Nov-2019 23:29:13:380817", "BO Specimen": 100, "Condition": "Normal"}
{"Date": "20-Nov-2019 23:29:13:380817", "BO Specimen": 93, "Condition": "Abnormal"}
{"Date": "20-Nov-2019 23:29:13:380817", "BO Specimen": 104, "Condition": "Normal"}
{"Date": "20-Nov-2019 23:29:13:380817", "BO Specimen": 89, "Condition": "Abnormal"}
{"Date": "20-Nov-2019 23:29:13:380817", "BO Specimen": 90, "Condition": "Abnormal"}
{"Date": "20-Nov-2019 23:29:13:380817", "BO Specimen": 102, "Condition": "Normal"}
{"Date": "20-Nov-2019 23:29:13:380817", "BO Specimen": 105, "Condition": "Normal"}
{"Date": "20-Nov-2019 23:29:13:380817", "BO Specimen": 104, "Condition": "Normal"}
{"Date": "20-Nov-2019 23:29:13:380817", "BO Specimen": 98, "Condition": "Normal"}
{"Date": "20-Nov-2019 23:29:13:380817", "BO Specimen": 94, "Condition": "Abnormal"}
{"Date": "20-Nov-2019 23:29:13:380817", "BO Specimen": 102, "Condition": "Normal"}
{"Date": "20-Nov-2019 23:29:13:380817", "BO Specimen": 99, "Condition": "Normal"}
{"Date": "20-Nov-2019 23:29:13:380817", "BO Specimen": 88, "Condition": "Abnormal"}
{"Date": "20-Nov-2019 23:29:13:380817", "BO Specimen": 102, "Condition": "Normal"}
{"Date": "20-Nov-2019 23:29:13:380817", "BO Specimen": 101, "Condition": "Normal"}
{"Date": "20-Nov-2019 23:29:13:380817", "BO Specimen": 104, "Condition": "Normal"}
{"Date": "20-Nov-2019 23:29:13:380817", "BO Specimen": 91, "Condition": "Abnormal"}
{"Date": "20-Nov-2019 23:29:13:382812", "BO Specimen": 96, "Condition": "Normal"}
{"Date": "20-Nov-2019 23:29:13:382812", "BO Specimen": 88, "Condition": "Abnormal"}
{"Date": "20-Nov-2019 23:29:13:382812", "BO Specimen": 102, "Condition": "Normal"}
{"Date": "20-Nov-2019 23:29:13:382812", "BO Specimen": 99, "Condition": "Normal"}
{"Date": "20-Nov-2019 23:29:13:382812", "BO Specimen": 103, "Condition": "Normal"}
{"Date": "20-Nov-2019 23:29:13:382812", "BO Specimen": 90, "Condition": "Abnormal"}
{"Date": "20-Nov-2019 23:29:13:382812", "BO Specimen": 96, "Condition": "Normal"}
{"Date": "20-Nov-2019 23:29:13:382812", "BO Specimen": 99, "Condition": "Normal"}
{"Date": "20-Nov-2019 23:29:13:383809", "BO Specimen": 95, "Condition": "Abnormal"}
{"Date": "20-Nov-2019 23:29:13:383809", "BO Specimen": 88, "Condition": "Abnormal"}
{"Date": "20-Nov-2019 23:29:13:383809", "BO Specimen": 91, "Condition": "Abnormal"}
{"Date": "20-Nov-2019 23:29:13:383809", "BO Specimen": 103, "Condition": "Normal"}
{"Date": "20-Nov-2019 23:29:13:383809", "BO Specimen": 101, "Condition": "Normal"}
{"Date": "20-Nov-2019 23:29:13:383809", "BO Specimen": 90, "Condition": "Abnormal"}
{"Date": "20-Nov-2019 23:29:13:383809", "BO Specimen": 105, "Condition": "Normal"}
{"Date": "20-Nov-2019 23:29:13:383809", "BO Specimen": 94, "Condition": "Abnormal"}
{"Date": "20-Nov-2019 23:29:13:383809", "BO Specimen": 98, "Condition": "Normal"}
{"Date": "20-Nov-2019 23:29:13:383809", "BO Specimen": 89, "Condition": "Abnormal"}
{"Date": "20-Nov-2019 23:29:13:383809", "BO Specimen": 102, "Condition": "Normal"}
{"Date": "20-Nov-2019 23:29:13:383809", "BO Specimen": 91, "Condition": "Abnormal"}
{"Date": "20-Nov-2019 23:29:13:383809", "BO Specimen": 96, "Condition": "Normal"}
{"Date": "20-Nov-2019 23:29:13:383809", "BO Specimen": 88, "Condition": "Abnormal"}
{"Date": "20-Nov-2019 23:29:13:383809", "BO Specimen": 102, "Condition": "Normal"}
{"Date": "20-Nov-2019 23:29:13:383809", "BO Specimen": 92, "Condition": "Abnormal"}
{"Date": "20-Nov-2019 23:29:13:383809", "BO Specimen": 101, "Condition": "Normal"}
{"Date": "20-Nov-2019 23:29:13:383809", "BO Specimen": 99, "Condition": "Normal"}
{"Date": "20-Nov-2019 23:29:13:383809", "BO Specimen": 100, "Condition": "Normal"}
{"Date": "20-Nov-2019 23:29:13:383809", "BO Specimen": 103, "Condition": "Normal"}
{"Date": "20-Nov-2019 23:29:13:383809", "BO Specimen": 91, "Condition": "Abnormal"}
{"Date": "20-Nov-2019 23:29:13:383809", "BO Specimen": 97, "Condition": "Normal"}
{"Date": "20-Nov-2019 23:29:13:383809", "BO Specimen": 103, "Condition": "Normal"}
{"Date": "20-Nov-2019 23:29:13:383809", "BO Specimen": 89, "Condition": "Abnormal"}
{"Date": "20-Nov-2019 23:29:13:383809", "BO Specimen": 100, "Condition": "Normal"}
{"Date": "20-Nov-2019 23:29:13:383809", "BO Specimen": 88, "Condition": "Abnormal"}
{"Date": "20-Nov-2019 23:29:13:384807", "BO Specimen": 105, "Condition": "Normal"}
{"Date": "20-Nov-2019 23:29:13:384807", "BO Specimen": 103, "Condition": "Normal"}
{"Date": "20-Nov-2019 23:29:13:384807", "BO Specimen": 100, "Condition": "Normal"}
{"Date": "20-Nov-2019 23:29:13:384807", "BO Specimen": 99, "Condition": "Normal"}
{"Date": "20-Nov-2019 23:29:13:384807", "BO Specimen": 101, "Condition": "Normal"}
{"Date": "20-Nov-2019 23:29:13:384807", "BO Specimen": 101, "Condition": "Normal"}
{"Date": "20-Nov-2019 23:29:13:384807", "BO Specimen": 101, "Condition": "Normal"}
{"Date": "20-Nov-2019 23:29:13:384807", "BO Specimen": 91, "Condition": "Abnormal"}
{"Date": "20-Nov-2019 23:29:13:384807", "BO Specimen": 99, "Condition": "Normal"}
{"Date": "20-Nov-2019 23:29:13:384807", "BO Specimen": 89, "Condition": "Abnormal"}
{"Date": "20-Nov-2019 23:29:13:384807", "BO Specimen": 100, "Condition": "Normal"}
{"Date": "20-Nov-2019 23:29:13:384807", "BO Specimen": 90, "Condition": "Abnormal"}
{"Date": "20-Nov-2019 23:29:13:384807", "BO Specimen": 92, "Condition": "Abnormal"}
{"Date": "20-Nov-2019 23:29:13:385805", "BO Specimen": 104, "Condition": "Normal"}
{"Date": "20-Nov-2019 23:29:13:385805", "BO Specimen": 89, "Condition": "Abnormal"}
{"Date": "20-Nov-2019 23:29:13:385805", "BO Specimen": 94, "Condition": "Abnormal"}
{"Date": "20-Nov-2019 23:29:13:385805", "BO Specimen": 95, "Condition": "Abnormal"}
{"Date": "20-Nov-2019 23:29:13:391788", "BO Specimen": 102, "Condition": "Normal"}
{"Date": "20-Nov-2019 23:29:13:391788", "BO Specimen": 99, "Condition": "Normal"}
{"Date": "20-Nov-2019 23:29:13:391788", "BO Specimen": 104, "Condition": "Normal"}
{"Date": "20-Nov-2019 23:29:13:391788", "BO Specimen": 90, "Condition": "Abnormal"}
